port_name,year,commodity_type,volume_mt,growth_rate_pct,market_share_pct,data_source
JNPA,2018,POL,23.519,7.0,38.0,REAL_IPA_2022_23_DERIVED_BREAKDOWN
JNPA,2018,iron_ore,8.889,7.0,15.0,REAL_IPA_2022_23_DERIVED_BREAKDOWN
JNPA,2018,coal,11.209,7.0,18.0,REAL_IPA_2022_23_DERIVED_BREAKDOWN
JNPA,2018,containers_teu,7.252,7.0,12.0,REAL_IPA_2022_23_DERIVED_BREAKDOWN
JNPA,2018,fertilizers,4.071,7.0,7.0,REAL_IPA_2022_23_DERIVED_BREAKDOWN
JNPA,2018,other,6.156,7.0,10.0,REAL_IPA_2022_23_DERIVED_BREAKDOWN
JNPA,2019,POL,24.852,7.0,38.0,REAL_IPA_2022_23_DERIVED_BREAKDOWN
JNPA,2019,iron_ore,9.68,7.0,15.0,REAL_IPA_2022_23_DERIVED_BREAKDOWN
JNPA,2019,coal,11.683,7.0,18.0,REAL_IPA_2022_23_DERIVED_BREAKDOWN
JNPA,2019,containers_teu,7.629,7.0,12.0,REAL_IPA_2022_23_DERIVED_BREAKDOWN
JNPA,2019,fertilizers,4.632,7.0,7.0,REAL_IPA_2022_23_DERIVED_BREAKDOWN
JNPA,2019,other,6.489,7.0,10.0,REAL_IPA_2022_23_DERIVED_BREAKDOWN
JNPA,2020,POL,26.552,7.0,38.0,REAL_IPA_2022_23_DERIVED_BREAKDOWN
JNPA,2020,iron_ore,10.541,7.0,15.0,REAL_IPA_2022_23_DERIVED_BREAKDOWN
JNPA,2020,coal,12.081,7.0,18.0,REAL_IPA_2022_23_DERIVED_BREAKDOWN
JNPA,2020,containers_teu,8.119,7.0,12.0,REAL_IPA_2022_23_DERIVED_BREAKDOWN
JNPA,2020,fertilizers,4.544,7.0,7.0,REAL_IPA_2022_23_DERIVED_BREAKDOWN
JNPA,2020,other,7.07,7.0,10.0,REAL_IPA_2022_23_DERIVED_BREAKDOWN
JNPA,2021,POL,27.241,7.0,38.0,REAL_IPA_2022_23_DERIVED_BREAKDOWN
JNPA,2021,iron_ore,11.203,7.0,15.0,REAL_IPA_2022_23_DERIVED_BREAKDOWN
JNPA,2021,coal,13.54,7.0,18.0,REAL_IPA_2022_23_DERIVED_BREAKDOWN
JNPA,2021,containers_teu,9.088,7.0,12.0,REAL_IPA_2022_23_DERIVED_BREAKDOWN
JNPA,2021,fertilizers,5.019,7.0,7.0,REAL_IPA_2022_23_DERIVED_BREAKDOWN
JNPA,2021,other,7.425,7.0,10.0,REAL_IPA_2022_23_DERIVED_BREAKDOWN
JNPA,2022,POL,31.764,7.0,38.0,REAL_IPA_2022_23_DERIVED_BREAKDOWN
JNPA,2022,iron_ore,12.554,7.0,15.0,REAL_IPA_2022_23_DERIVED_BREAKDOWN
JNPA,2022,coal,14.752,7.0,18.0,REAL_IPA_2022_23_DERIVED_BREAKDOWN
JNPA,2022,containers_teu,9.649,7.0,12.0,REAL_IPA_2022_23_DERIVED_BREAKDOWN
JNPA,2022,fertilizers,5.404,7.0,7.0,REAL_IPA_2022_23_DERIVED_BREAKDOWN
JNPA,2022,other,8.132,7.0,10.0,REAL_IPA_2022_23_DERIVED_BREAKDOWN
JNPA,2023,POL,32.212,7.0,38.0,REAL_IPA_2022_23_DERIVED_BREAKDOWN
JNPA,2023,iron_ore,12.991,7.0,15.0,REAL_IPA_2022_23_DERIVED_BREAKDOWN
JNPA,2023,coal,15.04,7.0,18.0,REAL_IPA_2022_23_DERIVED_BREAKDOWN
JNPA,2023,containers_teu,10.168,7.0,12.0,REAL_IPA_2022_23_DERIVED_BREAKDOWN
JNPA,2023,fertilizers,5.991,7.0,7.0,REAL_IPA_2022_23_DERIVED_BREAKDOWN
JNPA,2023,other,8.58,7.0,10.0,REAL_IPA_2022_23_DERIVED_BREAKDOWN
Mumbai,2018,POL,22.086,4.0,38.0,REAL_IPA_2022_23_DERIVED_BREAKDOWN
Mumbai,2018,iron_ore,8.442,4.0,15.0,REAL_IPA_2022_23_DERIVED_BREAKDOWN
Mumbai,2018,coal,9.894,4.0,18.0,REAL_IPA_2022_23_DERIVED_BREAKDOWN
Mumbai,2018,containers_teu,7.208,4.0,12.0,REAL_IPA_2022_23_DERIVED_BREAKDOWN
Mumbai,2018,fertilizers,4.308,4.0,7.0,REAL_IPA_2022_23_DERIVED_BREAKDOWN
Mumbai,2018,other,5.804,4.0,10.0,REAL_IPA_2022_23_DERIVED_BREAKDOWN
Mumbai,2019,POL,21.735,4.0,38.0,REAL_IPA_2022_23_DERIVED_BREAKDOWN
Mumbai,2019,iron_ore,8.727,4.0,15.0,REAL_IPA_2022_23_DERIVED_BREAKDOWN
Mumbai,2019,coal,10.885,4.0,18.0,REAL_IPA_2022_23_DERIVED_BREAKDOWN
Mumbai,2019,containers_teu,7.435,4.0,12.0,REAL_IPA_2022_23_DERIVED_BREAKDOWN
Mumbai,2019,fertilizers,4.018,4.0,7.0,REAL_IPA_2022_23_DERIVED_BREAKDOWN
Mumbai,2019,other,5.934,4.0,10.0,REAL_IPA_2022_23_DERIVED_BREAKDOWN
Mumbai,2020,POL,23.678,4.0,38.0,REAL_IPA_2022_23_DERIVED_BREAKDOWN
Mumbai,2020,iron_ore,9.533,4.0,15.0,REAL_IPA_2022_23_DERIVED_BREAKDOWN
Mumbai,2020,coal,11.035,4.0,18.0,REAL_IPA_2022_23_DERIVED_BREAKDOWN
Mumbai,2020,containers_teu,7.085,4.0,12.0,REAL_IPA_2022_23_DERIVED_BREAKDOWN
Mumbai,2020,fertilizers,4.417,4.0,7.0,REAL_IPA_2022_23_DERIVED_BREAKDOWN
Mumbai,2020,other,6.404,4.0,10.0,REAL_IPA_2022_23_DERIVED_BREAKDOWN
Mumbai,2021,POL,24.42,4.0,38.0,REAL_IPA_2022_23_DERIVED_BREAKDOWN
Mumbai,2021,iron_ore,9.781,4.0,15.0,REAL_IPA_2022_23_DERIVED_BREAKDOWN
Mumbai,2021,coal,11.431,4.0,18.0,REAL_IPA_2022_23_DERIVED_BREAKDOWN
Mumbai,2021,containers_teu,7.535,4.0,12.0,REAL_IPA_2022_23_DERIVED_BREAKDOWN
Mumbai,2021,fertilizers,4.648,4.0,7.0,REAL_IPA_2022_23_DERIVED_BREAKDOWN
Mumbai,2021,other,6.517,4.0,10.0,REAL_IPA_2022_23_DERIVED_BREAKDOWN
Mumbai,2022,POL,25.835,4.0,38.0,REAL_IPA_2022_23_DERIVED_BREAKDOWN
Mumbai,2022,iron_ore,10.503,4.0,15.0,REAL_IPA_2022_23_DERIVED_BREAKDOWN
Mumbai,2022,coal,11.678,4.0,18.0,REAL_IPA_2022_23_DERIVED_BREAKDOWN
Mumbai,2022,containers_teu,7.907,4.0,12.0,REAL_IPA_2022_23_DERIVED_BREAKDOWN
Mumbai,2022,fertilizers,4.712,4.0,7.0,REAL_IPA_2022_23_DERIVED_BREAKDOWN
Mumbai,2022,other,6.587,4.0,10.0,REAL_IPA_2022_23_DERIVED_BREAKDOWN
Mumbai,2023,POL,27.1,4.0,38.0,REAL_IPA_2022_23_DERIVED_BREAKDOWN
Mumbai,2023,iron_ore,10.393,4.0,15.0,REAL_IPA_2022_23_DERIVED_BREAKDOWN
Mumbai,2023,coal,12.169,4.0,18.0,REAL_IPA_2022_23_DERIVED_BREAKDOWN
Mumbai,2023,containers_teu,8.378,4.0,12.0,REAL_IPA_2022_23_DERIVED_BREAKDOWN
Mumbai,2023,fertilizers,4.903,4.0,7.0,REAL_IPA_2022_23_DERIVED_BREAKDOWN
Mumbai,2023,other,7.163,4.0,10.0,REAL_IPA_2022_23_DERIVED_BREAKDOWN
Chennai,2018,POL,15.197,6.0,38.0,REAL_IPA_2022_23_DERIVED_BREAKDOWN
Chennai,2018,iron_ore,6.011,6.0,15.0,REAL_IPA_2022_23_DERIVED_BREAKDOWN
Chennai,2018,coal,7.183,6.0,18.0,REAL_IPA_2022_23_DERIVED_BREAKDOWN
Chennai,2018,containers_teu,4.716,6.0,12.0,REAL_IPA_2022_23_DERIVED_BREAKDOWN
Chennai,2018,fertilizers,2.707,6.0,7.0,REAL_IPA_2022_23_DERIVED_BREAKDOWN
Chennai,2018,other,3.987,6.0,10.0,REAL_IPA_2022_23_DERIVED_BREAKDOWN
Chennai,2019,POL,15.762,6.0,38.0,REAL_IPA_2022_23_DERIVED_BREAKDOWN
Chennai,2019,iron_ore,6.603,6.0,15.0,REAL_IPA_2022_23_DERIVED_BREAKDOWN
Chennai,2019,coal,7.845,6.0,18.0,REAL_IPA_2022_23_DERIVED_BREAKDOWN
Chennai,2019,containers_teu,5.123,6.0,12.0,REAL_IPA_2022_23_DERIVED_BREAKDOWN
Chennai,2019,fertilizers,2.966,6.0,7.0,REAL_IPA_2022_23_DERIVED_BREAKDOWN
Chennai,2019,other,4.179,6.0,10.0,REAL_IPA_2022_23_DERIVED_BREAKDOWN
Chennai,2020,POL,16.238,6.0,38.0,REAL_IPA_2022_23_DERIVED_BREAKDOWN
Chennai,2020,iron_ore,6.618,6.0,15.0,REAL_IPA_2022_23_DERIVED_BREAKDOWN
Chennai,2020,coal,8.018,6.0,18.0,REAL_IPA_2022_23_DERIVED_BREAKDOWN
Chennai,2020,containers_teu,5.366,6.0,12.0,REAL_IPA_2022_23_DERIVED_BREAKDOWN
Chennai,2020,fertilizers,3.153,6.0,7.0,REAL_IPA_2022_23_DERIVED_BREAKDOWN
Chennai,2020,other,4.564,6.0,10.0,REAL_IPA_2022_23_DERIVED_BREAKDOWN
Chennai,2021,POL,17.517,6.0,38.0,REAL_IPA_2022_23_DERIVED_BREAKDOWN
Chennai,2021,iron_ore,6.917,6.0,15.0,REAL_IPA_2022_23_DERIVED_BREAKDOWN
Chennai,2021,coal,8.842,6.0,18.0,REAL_IPA_2022_23_DERIVED_BREAKDOWN
Chennai,2021,containers_teu,5.78,6.0,12.0,REAL_IPA_2022_23_DERIVED_BREAKDOWN
Chennai,2021,fertilizers,3.257,6.0,7.0,REAL_IPA_2022_23_DERIVED_BREAKDOWN
Chennai,2021,other,4.692,6.0,10.0,REAL_IPA_2022_23_DERIVED_BREAKDOWN
Chennai,2022,POL,18.904,6.0,38.0,REAL_IPA_2022_23_DERIVED_BREAKDOWN
Chennai,2022,iron_ore,7.492,6.0,15.0,REAL_IPA_2022_23_DERIVED_BREAKDOWN
Chennai,2022,coal,9.109,6.0,18.0,REAL_IPA_2022_23_DERIVED_BREAKDOWN
Chennai,2022,containers_teu,6.443,6.0,12.0,REAL_IPA_2022_23_DERIVED_BREAKDOWN
Chennai,2022,fertilizers,3.513,6.0,7.0,REAL_IPA_2022_23_DERIVED_BREAKDOWN
Chennai,2022,other,5.089,6.0,10.0,REAL_IPA_2022_23_DERIVED_BREAKDOWN
Chennai,2023,POL,19.083,6.0,38.0,REAL_IPA_2022_23_DERIVED_BREAKDOWN
Chennai,2023,iron_ore,7.819,6.0,15.0,REAL_IPA_2022_23_DERIVED_BREAKDOWN
Chennai,2023,coal,9.872,6.0,18.0,REAL_IPA_2022_23_DERIVED_BREAKDOWN
Chennai,2023,containers_teu,6.424,6.0,12.0,REAL_IPA_2022_23_DERIVED_BREAKDOWN
Chennai,2023,fertilizers,3.215,6.0,7.0,REAL_IPA_2022_23_DERIVED_BREAKDOWN
Chennai,2023,other,5.396,6.0,10.0,REAL_IPA_2022_23_DERIVED_BREAKDOWN
Visakhapatnam,2018,POL,28.598,5.0,38.0,REAL_IPA_2022_23_DERIVED_BREAKDOWN
Visakhapatnam,2018,iron_ore,10.035,5.0,15.0,REAL_IPA_2022_23_DERIVED_BREAKDOWN
Visakhapatnam,2018,coal,13.393,5.0,18.0,REAL_IPA_2022_23_DERIVED_BREAKDOWN
Visakhapatnam,2018,containers_teu,7.83,5.0,12.0,REAL_IPA_2022_23_DERIVED_BREAKDOWN
Visakhapatnam,2018,fertilizers,5.122,5.0,7.0,REAL_IPA_2022_23_DERIVED_BREAKDOWN
Visakhapatnam,2018,other,7.115,5.0,10.0,REAL_IPA_2022_23_DERIVED_BREAKDOWN
Visakhapatnam,2019,POL,26.393,5.0,38.0,REAL_IPA_2022_23_DERIVED_BREAKDOWN
Visakhapatnam,2019,iron_ore,11.358,5.0,15.0,REAL_IPA_2022_23_DERIVED_BREAKDOWN
Visakhapatnam,2019,coal,13.914,5.0,18.0,REAL_IPA_2022_23_DERIVED_BREAKDOWN
Visakhapatnam,2019,containers_teu,9.065,5.0,12.0,REAL_IPA_2022_23_DERIVED_BREAKDOWN
Visakhapatnam,2019,fertilizers,5.322,5.0,7.0,REAL_IPA_2022_23_DERIVED_BREAKDOWN
Visakhapatnam,2019,other,7.38,5.0,10.0,REAL_IPA_2022_23_DERIVED_BREAKDOWN
Visakhapatnam,2020,POL,28.149,5.0,38.0,REAL_IPA_2022_23_DERIVED_BREAKDOWN
Visakhapatnam,2020,iron_ore,12.013,5.0,15.0,REAL_IPA_2022_23_DERIVED_BREAKDOWN
Visakhapatnam,2020,coal,14.864,5.0,18.0,REAL_IPA_2022_23_DERIVED_BREAKDOWN
Visakhapatnam,2020,containers_teu,9.734,5.0,12.0,REAL_IPA_2022_23_DERIVED_BREAKDOWN
Visakhapatnam,2020,fertilizers,5.165,5.0,7.0,REAL_IPA_2022_23_DERIVED_BREAKDOWN
Visakhapatnam,2020,other,7.489,5.0,10.0,REAL_IPA_2022_23_DERIVED_BREAKDOWN
Visakhapatnam,2021,POL,30.51,5.0,38.0,REAL_IPA_2022_23_DERIVED_BREAKDOWN
Visakhapatnam,2021,iron_ore,11.767,5.0,15.0,REAL_IPA_2022_23_DERIVED_BREAKDOWN
Visakhapatnam,2021,coal,14.848,5.0,18.0,REAL_IPA_2022_23_DERIVED_BREAKDOWN
Visakhapatnam,2021,containers_teu,10.002,5.0,12.0,REAL_IPA_2022_23_DERIVED_BREAKDOWN
Visakhapatnam,2021,fertilizers,5.519,5.0,7.0,REAL_IPA_2022_23_DERIVED_BREAKDOWN
Visakhapatnam,2021,other,8.43,5.0,10.0,REAL_IPA_2022_23_DERIVED_BREAKDOWN
Visakhapatnam,2022,POL,33.463,5.0,38.0,REAL_IPA_2022_23_DERIVED_BREAKDOWN
Visakhapatnam,2022,iron_ore,12.762,5.0,15.0,REAL_IPA_2022_23_DERIVED_BREAKDOWN
Visakhapatnam,2022,coal,15.489,5.0,18.0,REAL_IPA_2022_23_DERIVED_BREAKDOWN
Visakhapatnam,2022,containers_teu,9.773,5.0,12.0,REAL_IPA_2022_23_DERIVED_BREAKDOWN
Visakhapatnam,2022,fertilizers,5.995,5.0,7.0,REAL_IPA_2022_23_DERIVED_BREAKDOWN
Visakhapatnam,2022,other,8.652,5.0,10.0,REAL_IPA_2022_23_DERIVED_BREAKDOWN
Visakhapatnam,2023,POL,34.688,5.0,38.0,REAL_IPA_2022_23_DERIVED_BREAKDOWN
Visakhapatnam,2023,iron_ore,13.779,5.0,15.0,REAL_IPA_2022_23_DERIVED_BREAKDOWN
Visakhapatnam,2023,coal,16.468,5.0,18.0,REAL_IPA_2022_23_DERIVED_BREAKDOWN
Visakhapatnam,2023,containers_teu,10.813,5.0,12.0,REAL_IPA_2022_23_DERIVED_BREAKDOWN
Visakhapatnam,2023,fertilizers,6.412,5.0,7.0,REAL_IPA_2022_23_DERIVED_BREAKDOWN
Visakhapatnam,2023,other,9.356,5.0,10.0,REAL_IPA_2022_23_DERIVED_BREAKDOWN
Paradip,2018,POL,33.867,8.0,38.0,REAL_IPA_2022_23_DERIVED_BREAKDOWN
Paradip,2018,iron_ore,13.535,8.0,15.0,REAL_IPA_2022_23_DERIVED_BREAKDOWN
Paradip,2018,coal,15.998,8.0,18.0,REAL_IPA_2022_23_DERIVED_BREAKDOWN
Paradip,2018,containers_teu,10.517,8.0,12.0,REAL_IPA_2022_23_DERIVED_BREAKDOWN
Paradip,2018,fertilizers,6.355,8.0,7.0,REAL_IPA_2022_23_DERIVED_BREAKDOWN
Paradip,2018,other,8.789,8.0,10.0,REAL_IPA_2022_23_DERIVED_BREAKDOWN
Paradip,2019,POL,37.106,8.0,38.0,REAL_IPA_2022_23_DERIVED_BREAKDOWN
Paradip,2019,iron_ore,14.492,8.0,15.0,REAL_IPA_2022_23_DERIVED_BREAKDOWN
Paradip,2019,coal,17.217,8.0,18.0,REAL_IPA_2022_23_DERIVED_BREAKDOWN
Paradip,2019,containers_teu,11.47,8.0,12.0,REAL_IPA_2022_23_DERIVED_BREAKDOWN
Paradip,2019,fertilizers,6.654,8.0,7.0,REAL_IPA_2022_23_DERIVED_BREAKDOWN
Paradip,2019,other,9.176,8.0,10.0,REAL_IPA_2022_23_DERIVED_BREAKDOWN
Paradip,2020,POL,40.071,8.0,38.0,REAL_IPA_2022_23_DERIVED_BREAKDOWN
Paradip,2020,iron_ore,15.746,8.0,15.0,REAL_IPA_2022_23_DERIVED_BREAKDOWN
Paradip,2020,coal,19.244,8.0,18.0,REAL_IPA_2022_23_DERIVED_BREAKDOWN
Paradip,2020,containers_teu,12.311,8.0,12.0,REAL_IPA_2022_23_DERIVED_BREAKDOWN
Paradip,2020,fertilizers,7.713,8.0,7.0,REAL_IPA_2022_23_DERIVED_BREAKDOWN
Paradip,2020,other,10.306,8.0,10.0,REAL_IPA_2022_23_DERIVED_BREAKDOWN
Paradip,2021,POL,41.662,8.0,38.0,REAL_IPA_2022_23_DERIVED_BREAKDOWN
Paradip,2021,iron_ore,16.385,8.0,15.0,REAL_IPA_2022_23_DERIVED_BREAKDOWN
Paradip,2021,coal,19.212,8.0,18.0,REAL_IPA_2022_23_DERIVED_BREAKDOWN
Paradip,2021,containers_teu,14.132,8.0,12.0,REAL_IPA_2022_23_DERIVED_BREAKDOWN
Paradip,2021,fertilizers,8.206,8.0,7.0,REAL_IPA_2022_23_DERIVED_BREAKDOWN
Paradip,2021,other,11.462,8.0,10.0,REAL_IPA_2022_23_DERIVED_BREAKDOWN
Paradip,2022,POL,44.966,8.0,38.0,REAL_IPA_2022_23_DERIVED_BREAKDOWN
Paradip,2022,iron_ore,19.231,8.0,15.0,REAL_IPA_2022_23_DERIVED_BREAKDOWN
Paradip,2022,coal,21.657,8.0,18.0,REAL_IPA_2022_23_DERIVED_BREAKDOWN
Paradip,2022,containers_teu,14.474,8.0,12.0,REAL_IPA_2022_23_DERIVED_BREAKDOWN
Paradip,2022,fertilizers,8.879,8.0,7.0,REAL_IPA_2022_23_DERIVED_BREAKDOWN
Paradip,2022,other,12.4,8.0,10.0,REAL_IPA_2022_23_DERIVED_BREAKDOWN
Paradip,2023,POL,53.2,8.0,38.0,REAL_IPA_2022_23_DERIVED_BREAKDOWN
Paradip,2023,iron_ore,19.846,8.0,15.0,REAL_IPA_2022_23_DERIVED_BREAKDOWN
Paradip,2023,coal,23.357,8.0,18.0,REAL_IPA_2022_23_DERIVED_BREAKDOWN
Paradip,2023,containers_teu,15.47,8.0,12.0,REAL_IPA_2022_23_DERIVED_BREAKDOWN
Paradip,2023,fertilizers,8.684,8.0,7.0,REAL_IPA_2022_23_DERIVED_BREAKDOWN
Paradip,2023,other,13.023,8.0,10.0,REAL_IPA_2022_23_DERIVED_BREAKDOWN
Kandla,2018,POL,45.859,6.0,38.0,REAL_IPA_2022_23_DERIVED_BREAKDOWN
Kandla,2018,iron_ore,17.816,6.0,15.0,REAL_IPA_2022_23_DERIVED_BREAKDOWN
Kandla,2018,coal,21.014,6.0,18.0,REAL_IPA_2022_23_DERIVED_BREAKDOWN
Kandla,2018,containers_teu,13.583,6.0,12.0,REAL_IPA_2022_23_DERIVED_BREAKDOWN
Kandla,2018,fertilizers,8.223,6.0,7.0,REAL_IPA_2022_23_DERIVED_BREAKDOWN
Kandla,2018,other,12.022,6.0,10.0,REAL_IPA_2022_23_DERIVED_BREAKDOWN
Kandla,2019,POL,47.604,6.0,38.0,REAL_IPA_2022_23_DERIVED_BREAKDOWN
Kandla,2019,iron_ore,18.644,6.0,15.0,REAL_IPA_2022_23_DERIVED_BREAKDOWN
Kandla,2019,coal,21.729,6.0,18.0,REAL_IPA_2022_23_DERIVED_BREAKDOWN
Kandla,2019,containers_teu,15.227,6.0,12.0,REAL_IPA_2022_23_DERIVED_BREAKDOWN
Kandla,2019,fertilizers,7.844,6.0,7.0,REAL_IPA_2022_23_DERIVED_BREAKDOWN
Kandla,2019,other,12.51,6.0,10.0,REAL_IPA_2022_23_DERIVED_BREAKDOWN
Kandla,2020,POL,53.658,6.0,38.0,REAL_IPA_2022_23_DERIVED_BREAKDOWN
Kandla,2020,iron_ore,18.775,6.0,15.0,REAL_IPA_2022_23_DERIVED_BREAKDOWN
Kandla,2020,coal,23.426,6.0,18.0,REAL_IPA_2022_23_DERIVED_BREAKDOWN
Kandla,2020,containers_teu,15.728,6.0,12.0,REAL_IPA_2022_23_DERIVED_BREAKDOWN
Kandla,2020,fertilizers,9.049,6.0,7.0,REAL_IPA_2022_23_DERIVED_BREAKDOWN
Kandla,2020,other,13.517,6.0,10.0,REAL_IPA_2022_23_DERIVED_BREAKDOWN
Kandla,2021,POL,53.554,6.0,38.0,REAL_IPA_2022_23_DERIVED_BREAKDOWN
Kandla,2021,iron_ore,20.94,6.0,15.0,REAL_IPA_2022_23_DERIVED_BREAKDOWN
Kandla,2021,coal,25.611,6.0,18.0,REAL_IPA_2022_23_DERIVED_BREAKDOWN
Kandla,2021,containers_teu,16.684,6.0,12.0,REAL_IPA_2022_23_DERIVED_BREAKDOWN
Kandla,2021,fertilizers,10.655,6.0,7.0,REAL_IPA_2022_23_DERIVED_BREAKDOWN
Kandla,2021,other,13.959,6.0,10.0,REAL_IPA_2022_23_DERIVED_BREAKDOWN
Kandla,2022,POL,56.302,6.0,38.0,REAL_IPA_2022_23_DERIVED_BREAKDOWN
Kandla,2022,iron_ore,20.961,6.0,15.0,REAL_IPA_2022_23_DERIVED_BREAKDOWN
Kandla,2022,coal,26.082,6.0,18.0,REAL_IPA_2022_23_DERIVED_BREAKDOWN
Kandla,2022,containers_teu,18.284,6.0,12.0,REAL_IPA_2022_23_DERIVED_BREAKDOWN
Kandla,2022,fertilizers,9.898,6.0,7.0,REAL_IPA_2022_23_DERIVED_BREAKDOWN
Kandla,2022,other,13.777,6.0,10.0,REAL_IPA_2022_23_DERIVED_BREAKDOWN
Kandla,2023,POL,59.39,6.0,38.0,REAL_IPA_2022_23_DERIVED_BREAKDOWN
Kandla,2023,iron_ore,24.384,6.0,15.0,REAL_IPA_2022_23_DERIVED_BREAKDOWN
Kandla,2023,coal,28.141,6.0,18.0,REAL_IPA_2022_23_DERIVED_BREAKDOWN
Kandla,2023,containers_teu,18.548,6.0,12.0,REAL_IPA_2022_23_DERIVED_BREAKDOWN
Kandla,2023,fertilizers,10.32,6.0,7.0,REAL_IPA_2022_23_DERIVED_BREAKDOWN
Kandla,2023,other,15.826,6.0,10.0,REAL_IPA_2022_23_DERIVED_BREAKDOWN
Kochi,2018,POL,9.437,5.0,38.0,REAL_IPA_2022_23_DERIVED_BREAKDOWN
Kochi,2018,iron_ore,3.458,5.0,15.0,REAL_IPA_2022_23_DERIVED_BREAKDOWN
Kochi,2018,coal,4.533,5.0,18.0,REAL_IPA_2022_23_DERIVED_BREAKDOWN
Kochi,2018,containers_teu,2.989,5.0,12.0,REAL_IPA_2022_23_DERIVED_BREAKDOWN
Kochi,2018,fertilizers,1.763,5.0,7.0,REAL_IPA_2022_23_DERIVED_BREAKDOWN
Kochi,2018,other,2.478,5.0,10.0,REAL_IPA_2022_23_DERIVED_BREAKDOWN
Kochi,2019,POL,9.907,5.0,38.0,REAL_IPA_2022_23_DERIVED_BREAKDOWN
Kochi,2019,iron_ore,3.895,5.0,15.0,REAL_IPA_2022_23_DERIVED_BREAKDOWN
Kochi,2019,coal,4.722,5.0,18.0,REAL_IPA_2022_23_DERIVED_BREAKDOWN
Kochi,2019,containers_teu,2.901,5.0,12.0,REAL_IPA_2022_23_DERIVED_BREAKDOWN
Kochi,2019,fertilizers,1.709,5.0,7.0,REAL_IPA_2022_23_DERIVED_BREAKDOWN
Kochi,2019,other,2.501,5.0,10.0,REAL_IPA_2022_23_DERIVED_BREAKDOWN
Kochi,2020,POL,10.163,5.0,38.0,REAL_IPA_2022_23_DERIVED_BREAKDOWN
Kochi,2020,iron_ore,4.074,5.0,15.0,REAL_IPA_2022_23_DERIVED_BREAKDOWN
Kochi,2020,coal,4.88,5.0,18.0,REAL_IPA_2022_23_DERIVED_BREAKDOWN
Kochi,2020,containers_teu,3.33,5.0,12.0,REAL_IPA_2022_23_DERIVED_BREAKDOWN
Kochi,2020,fertilizers,1.944,5.0,7.0,REAL_IPA_2022_23_DERIVED_BREAKDOWN
Kochi,2020,other,2.615,5.0,10.0,REAL_IPA_2022_23_DERIVED_BREAKDOWN
Kochi,2021,POL,10.789,5.0,38.0,REAL_IPA_2022_23_DERIVED_BREAKDOWN
Kochi,2021,iron_ore,4.121,5.0,15.0,REAL_IPA_2022_23_DERIVED_BREAKDOWN
Kochi,2021,coal,5.046,5.0,18.0,REAL_IPA_2022_23_DERIVED_BREAKDOWN
Kochi,2021,containers_teu,3.416,5.0,12.0,REAL_IPA_2022_23_DERIVED_BREAKDOWN
Kochi,2021,fertilizers,1.772,5.0,7.0,REAL_IPA_2022_23_DERIVED_BREAKDOWN
Kochi,2021,other,3.023,5.0,10.0,REAL_IPA_2022_23_DERIVED_BREAKDOWN
Kochi,2022,POL,11.439,5.0,38.0,REAL_IPA_2022_23_DERIVED_BREAKDOWN
Kochi,2022,iron_ore,4.361,5.0,15.0,REAL_IPA_2022_23_DERIVED_BREAKDOWN
Kochi,2022,coal,5.636,5.0,18.0,REAL_IPA_2022_23_DERIVED_BREAKDOWN
Kochi,2022,containers_teu,3.515,5.0,12.0,REAL_IPA_2022_23_DERIVED_BREAKDOWN
Kochi,2022,fertilizers,2.08,5.0,7.0,REAL_IPA_2022_23_DERIVED_BREAKDOWN
Kochi,2022,other,2.917,5.0,10.0,REAL_IPA_2022_23_DERIVED_BREAKDOWN
Kochi,2023,POL,12.396,5.0,38.0,REAL_IPA_2022_23_DERIVED_BREAKDOWN
Kochi,2023,iron_ore,4.647,5.0,15.0,REAL_IPA_2022_23_DERIVED_BREAKDOWN
Kochi,2023,coal,5.619,5.0,18.0,REAL_IPA_2022_23_DERIVED_BREAKDOWN
Kochi,2023,containers_teu,3.864,5.0,12.0,REAL_IPA_2022_23_DERIVED_BREAKDOWN
Kochi,2023,fertilizers,2.214,5.0,7.0,REAL_IPA_2022_23_DERIVED_BREAKDOWN
Kochi,2023,other,3.103,5.0,10.0,REAL_IPA_2022_23_DERIVED_BREAKDOWN
Tuticorin,2018,POL,10.069,4.0,38.0,REAL_IPA_2022_23_DERIVED_BREAKDOWN
Tuticorin,2018,iron_ore,4.14,4.0,15.0,REAL_IPA_2022_23_DERIVED_BREAKDOWN
Tuticorin,2018,coal,4.66,4.0,18.0,REAL_IPA_2022_23_DERIVED_BREAKDOWN
Tuticorin,2018,containers_teu,3.088,4.0,12.0,REAL_IPA_2022_23_DERIVED_BREAKDOWN
Tuticorin,2018,fertilizers,1.804,4.0,7.0,REAL_IPA_2022_23_DERIVED_BREAKDOWN
Tuticorin,2018,other,2.665,4.0,10.0,REAL_IPA_2022_23_DERIVED_BREAKDOWN
Tuticorin,2019,POL,9.952,4.0,38.0,REAL_IPA_2022_23_DERIVED_BREAKDOWN
Tuticorin,2019,iron_ore,3.967,4.0,15.0,REAL_IPA_2022_23_DERIVED_BREAKDOWN
Tuticorin,2019,coal,4.579,4.0,18.0,REAL_IPA_2022_23_DERIVED_BREAKDOWN
Tuticorin,2019,containers_teu,3.087,4.0,12.0,REAL_IPA_2022_23_DERIVED_BREAKDOWN
Tuticorin,2019,fertilizers,1.838,4.0,7.0,REAL_IPA_2022_23_DERIVED_BREAKDOWN
Tuticorin,2019,other,2.663,4.0,10.0,REAL_IPA_2022_23_DERIVED_BREAKDOWN
Tuticorin,2020,POL,11.099,4.0,38.0,REAL_IPA_2022_23_DERIVED_BREAKDOWN
Tuticorin,2020,iron_ore,4.227,4.0,15.0,REAL_IPA_2022_23_DERIVED_BREAKDOWN
Tuticorin,2020,coal,4.856,4.0,18.0,REAL_IPA_2022_23_DERIVED_BREAKDOWN
Tuticorin,2020,containers_teu,3.256,4.0,12.0,REAL_IPA_2022_23_DERIVED_BREAKDOWN
Tuticorin,2020,fertilizers,2.022,4.0,7.0,REAL_IPA_2022_23_DERIVED_BREAKDOWN
Tuticorin,2020,other,2.867,4.0,10.0,REAL_IPA_2022_23_DERIVED_BREAKDOWN
Tuticorin,2021,POL,10.971,4.0,38.0,REAL_IPA_2022_23_DERIVED_BREAKDOWN
Tuticorin,2021,iron_ore,4.269,4.0,15.0,REAL_IPA_2022_23_DERIVED_BREAKDOWN
Tuticorin,2021,coal,5.368,4.0,18.0,REAL_IPA_2022_23_DERIVED_BREAKDOWN
Tuticorin,2021,containers_teu,3.358,4.0,12.0,REAL_IPA_2022_23_DERIVED_BREAKDOWN
Tuticorin,2021,fertilizers,2.043,4.0,7.0,REAL_IPA_2022_23_DERIVED_BREAKDOWN
Tuticorin,2021,other,3.081,4.0,10.0,REAL_IPA_2022_23_DERIVED_BREAKDOWN
Tuticorin,2022,POL,11.47,4.0,38.0,REAL_IPA_2022_23_DERIVED_BREAKDOWN
Tuticorin,2022,iron_ore,4.395,4.0,15.0,REAL_IPA_2022_23_DERIVED_BREAKDOWN
Tuticorin,2022,coal,5.466,4.0,18.0,REAL_IPA_2022_23_DERIVED_BREAKDOWN
Tuticorin,2022,containers_teu,3.549,4.0,12.0,REAL_IPA_2022_23_DERIVED_BREAKDOWN
Tuticorin,2022,fertilizers,2.012,4.0,7.0,REAL_IPA_2022_23_DERIVED_BREAKDOWN
Tuticorin,2022,other,3.063,4.0,10.0,REAL_IPA_2022_23_DERIVED_BREAKDOWN
Tuticorin,2023,POL,12.254,4.0,38.0,REAL_IPA_2022_23_DERIVED_BREAKDOWN
Tuticorin,2023,iron_ore,4.636,4.0,15.0,REAL_IPA_2022_23_DERIVED_BREAKDOWN
Tuticorin,2023,coal,5.552,4.0,18.0,REAL_IPA_2022_23_DERIVED_BREAKDOWN
Tuticorin,2023,containers_teu,3.636,4.0,12.0,REAL_IPA_2022_23_DERIVED_BREAKDOWN
Tuticorin,2023,fertilizers,2.174,4.0,7.0,REAL_IPA_2022_23_DERIVED_BREAKDOWN
Tuticorin,2023,other,3.067,4.0,10.0,REAL_IPA_2022_23_DERIVED_BREAKDOWN
Kamarajar,2018,POL,12.2,6.0,38.0,REAL_IPA_2022_23_DERIVED_BREAKDOWN
Kamarajar,2018,iron_ore,5.248,6.0,15.0,REAL_IPA_2022_23_DERIVED_BREAKDOWN
Kamarajar,2018,coal,6.043,6.0,18.0,REAL_IPA_2022_23_DERIVED_BREAKDOWN
Kamarajar,2018,containers_teu,4.041,6.0,12.0,REAL_IPA_2022_23_DERIVED_BREAKDOWN
Kamarajar,2018,fertilizers,2.379,6.0,7.0,REAL_IPA_2022_23_DERIVED_BREAKDOWN
Kamarajar,2018,other,3.388,6.0,10.0,REAL_IPA_2022_23_DERIVED_BREAKDOWN
Kamarajar,2019,POL,13.171,6.0,38.0,REAL_IPA_2022_23_DERIVED_BREAKDOWN
Kamarajar,2019,iron_ore,5.307,6.0,15.0,REAL_IPA_2022_23_DERIVED_BREAKDOWN
Kamarajar,2019,coal,6.266,6.0,18.0,REAL_IPA_2022_23_DERIVED_BREAKDOWN
Kamarajar,2019,containers_teu,4.267,6.0,12.0,REAL_IPA_2022_23_DERIVED_BREAKDOWN
Kamarajar,2019,fertilizers,2.482,6.0,7.0,REAL_IPA_2022_23_DERIVED_BREAKDOWN
Kamarajar,2019,other,3.469,6.0,10.0,REAL_IPA_2022_23_DERIVED_BREAKDOWN
Kamarajar,2020,POL,13.573,6.0,38.0,REAL_IPA_2022_23_DERIVED_BREAKDOWN
Kamarajar,2020,iron_ore,5.605,6.0,15.0,REAL_IPA_2022_23_DERIVED_BREAKDOWN
Kamarajar,2020,coal,6.655,6.0,18.0,REAL_IPA_2022_23_DERIVED_BREAKDOWN
Kamarajar,2020,containers_teu,4.211,6.0,12.0,REAL_IPA_2022_23_DERIVED_BREAKDOWN
Kamarajar,2020,fertilizers,2.644,6.0,7.0,REAL_IPA_2022_23_DERIVED_BREAKDOWN
Kamarajar,2020,other,3.828,6.0,10.0,REAL_IPA_2022_23_DERIVED_BREAKDOWN
Kamarajar,2021,POL,16.122,6.0,38.0,REAL_IPA_2022_23_DERIVED_BREAKDOWN
Kamarajar,2021,iron_ore,5.846,6.0,15.0,REAL_IPA_2022_23_DERIVED_BREAKDOWN
Kamarajar,2021,coal,6.983,6.0,18.0,REAL_IPA_2022_23_DERIVED_BREAKDOWN
Kamarajar,2021,containers_teu,4.575,6.0,12.0,REAL_IPA_2022_23_DERIVED_BREAKDOWN
Kamarajar,2021,fertilizers,2.778,6.0,7.0,REAL_IPA_2022_23_DERIVED_BREAKDOWN
Kamarajar,2021,other,3.967,6.0,10.0,REAL_IPA_2022_23_DERIVED_BREAKDOWN
Kamarajar,2022,POL,15.497,6.0,38.0,REAL_IPA_2022_23_DERIVED_BREAKDOWN
Kamarajar,2022,iron_ore,6.237,6.0,15.0,REAL_IPA_2022_23_DERIVED_BREAKDOWN
Kamarajar,2022,coal,7.077,6.0,18.0,REAL_IPA_2022_23_DERIVED_BREAKDOWN
Kamarajar,2022,containers_teu,5.155,6.0,12.0,REAL_IPA_2022_23_DERIVED_BREAKDOWN
Kamarajar,2022,fertilizers,2.858,6.0,7.0,REAL_IPA_2022_23_DERIVED_BREAKDOWN
Kamarajar,2022,other,4.176,6.0,10.0,REAL_IPA_2022_23_DERIVED_BREAKDOWN
Kamarajar,2023,POL,16.116,6.0,38.0,REAL_IPA_2022_23_DERIVED_BREAKDOWN
Kamarajar,2023,iron_ore,6.53,6.0,15.0,REAL_IPA_2022_23_DERIVED_BREAKDOWN
Kamarajar,2023,coal,7.909,6.0,18.0,REAL_IPA_2022_23_DERIVED_BREAKDOWN
Kamarajar,2023,containers_teu,5.315,6.0,12.0,REAL_IPA_2022_23_DERIVED_BREAKDOWN
Kamarajar,2023,fertilizers,3.146,6.0,7.0,REAL_IPA_2022_23_DERIVED_BREAKDOWN
Kamarajar,2023,other,4.622,6.0,10.0,REAL_IPA_2022_23_DERIVED_BREAKDOWN
New Mangalore,2018,POL,11.949,5.0,38.0,REAL_IPA_2022_23_DERIVED_BREAKDOWN
New Mangalore,2018,iron_ore,4.749,5.0,15.0,REAL_IPA_2022_23_DERIVED_BREAKDOWN
New Mangalore,2018,coal,5.779,5.0,18.0,REAL_IPA_2022_23_DERIVED_BREAKDOWN
New Mangalore,2018,containers_teu,3.755,5.0,12.0,REAL_IPA_2022_23_DERIVED_BREAKDOWN
New Mangalore,2018,fertilizers,2.151,5.0,7.0,REAL_IPA_2022_23_DERIVED_BREAKDOWN
New Mangalore,2018,other,3.17,5.0,10.0,REAL_IPA_2022_23_DERIVED_BREAKDOWN
New Mangalore,2019,POL,12.672,5.0,38.0,REAL_IPA_2022_23_DERIVED_BREAKDOWN
New Mangalore,2019,iron_ore,4.94,5.0,15.0,REAL_IPA_2022_23_DERIVED_BREAKDOWN
New Mangalore,2019,coal,5.562,5.0,18.0,REAL_IPA_2022_23_DERIVED_BREAKDOWN
New Mangalore,2019,containers_teu,3.779,5.0,12.0,REAL_IPA_2022_23_DERIVED_BREAKDOWN
New Mangalore,2019,fertilizers,2.243,5.0,7.0,REAL_IPA_2022_23_DERIVED_BREAKDOWN
New Mangalore,2019,other,3.306,5.0,10.0,REAL_IPA_2022_23_DERIVED_BREAKDOWN
New Mangalore,2020,POL,12.882,5.0,38.0,REAL_IPA_2022_23_DERIVED_BREAKDOWN
New Mangalore,2020,iron_ore,5.262,5.0,15.0,REAL_IPA_2022_23_DERIVED_BREAKDOWN
New Mangalore,2020,coal,6.347,5.0,18.0,REAL_IPA_2022_23_DERIVED_BREAKDOWN
New Mangalore,2020,containers_teu,4.217,5.0,12.0,REAL_IPA_2022_23_DERIVED_BREAKDOWN
New Mangalore,2020,fertilizers,2.46,5.0,7.0,REAL_IPA_2022_23_DERIVED_BREAKDOWN
New Mangalore,2020,other,3.287,5.0,10.0,REAL_IPA_2022_23_DERIVED_BREAKDOWN
New Mangalore,2021,POL,13.731,5.0,38.0,REAL_IPA_2022_23_DERIVED_BREAKDOWN
New Mangalore,2021,iron_ore,5.245,5.0,15.0,REAL_IPA_2022_23_DERIVED_BREAKDOWN
New Mangalore,2021,coal,6.094,5.0,18.0,REAL_IPA_2022_23_DERIVED_BREAKDOWN
New Mangalore,2021,containers_teu,4.237,5.0,12.0,REAL_IPA_2022_23_DERIVED_BREAKDOWN
New Mangalore,2021,fertilizers,2.592,5.0,7.0,REAL_IPA_2022_23_DERIVED_BREAKDOWN
New Mangalore,2021,other,3.611,5.0,10.0,REAL_IPA_2022_23_DERIVED_BREAKDOWN
New Mangalore,2022,POL,15.072,5.0,38.0,REAL_IPA_2022_23_DERIVED_BREAKDOWN
New Mangalore,2022,iron_ore,5.64,5.0,15.0,REAL_IPA_2022_23_DERIVED_BREAKDOWN
New Mangalore,2022,coal,7.226,5.0,18.0,REAL_IPA_2022_23_DERIVED_BREAKDOWN
New Mangalore,2022,containers_teu,4.512,5.0,12.0,REAL_IPA_2022_23_DERIVED_BREAKDOWN
New Mangalore,2022,fertilizers,2.62,5.0,7.0,REAL_IPA_2022_23_DERIVED_BREAKDOWN
New Mangalore,2022,other,3.596,5.0,10.0,REAL_IPA_2022_23_DERIVED_BREAKDOWN
New Mangalore,2023,POL,15.42,5.0,38.0,REAL_IPA_2022_23_DERIVED_BREAKDOWN
New Mangalore,2023,iron_ore,5.802,5.0,15.0,REAL_IPA_2022_23_DERIVED_BREAKDOWN
New Mangalore,2023,coal,6.931,5.0,18.0,REAL_IPA_2022_23_DERIVED_BREAKDOWN
New Mangalore,2023,containers_teu,4.894,5.0,12.0,REAL_IPA_2022_23_DERIVED_BREAKDOWN
New Mangalore,2023,fertilizers,2.844,5.0,7.0,REAL_IPA_2022_23_DERIVED_BREAKDOWN
New Mangalore,2023,other,4.06,5.0,10.0,REAL_IPA_2022_23_DERIVED_BREAKDOWN
Mormugao,2018,POL,6.072,-2.0,38.0,REAL_IPA_2022_23_DERIVED_BREAKDOWN
Mormugao,2018,iron_ore,2.419,-2.0,15.0,REAL_IPA_2022_23_DERIVED_BREAKDOWN
Mormugao,2018,coal,2.903,-2.0,18.0,REAL_IPA_2022_23_DERIVED_BREAKDOWN
Mormugao,2018,containers_teu,1.984,-2.0,12.0,REAL_IPA_2022_23_DERIVED_BREAKDOWN
Mormugao,2018,fertilizers,1.183,-2.0,7.0,REAL_IPA_2022_23_DERIVED_BREAKDOWN
Mormugao,2018,other,1.633,-2.0,10.0,REAL_IPA_2022_23_DERIVED_BREAKDOWN
Mormugao,2019,POL,6.372,-2.0,38.0,REAL_IPA_2022_23_DERIVED_BREAKDOWN
Mormugao,2019,iron_ore,2.439,-2.0,15.0,REAL_IPA_2022_23_DERIVED_BREAKDOWN
Mormugao,2019,coal,2.83,-2.0,18.0,REAL_IPA_2022_23_DERIVED_BREAKDOWN
Mormugao,2019,containers_teu,1.947,-2.0,12.0,REAL_IPA_2022_23_DERIVED_BREAKDOWN
Mormugao,2019,fertilizers,1.165,-2.0,7.0,REAL_IPA_2022_23_DERIVED_BREAKDOWN
Mormugao,2019,other,1.678,-2.0,10.0,REAL_IPA_2022_23_DERIVED_BREAKDOWN
Mormugao,2020,POL,6.105,-2.0,38.0,REAL_IPA_2022_23_DERIVED_BREAKDOWN
Mormugao,2020,iron_ore,2.329,-2.0,15.0,REAL_IPA_2022_23_DERIVED_BREAKDOWN
Mormugao,2020,coal,2.774,-2.0,18.0,REAL_IPA_2022_23_DERIVED_BREAKDOWN
Mormugao,2020,containers_teu,1.894,-2.0,12.0,REAL_IPA_2022_23_DERIVED_BREAKDOWN
Mormugao,2020,fertilizers,1.141,-2.0,7.0,REAL_IPA_2022_23_DERIVED_BREAKDOWN
Mormugao,2020,other,1.572,-2.0,10.0,REAL_IPA_2022_23_DERIVED_BREAKDOWN
Mormugao,2021,POL,5.856,-2.0,38.0,REAL_IPA_2022_23_DERIVED_BREAKDOWN
Mormugao,2021,iron_ore,2.284,-2.0,15.0,REAL_IPA_2022_23_DERIVED_BREAKDOWN
Mormugao,2021,coal,2.71,-2.0,18.0,REAL_IPA_2022_23_DERIVED_BREAKDOWN
Mormugao,2021,containers_teu,1.816,-2.0,12.0,REAL_IPA_2022_23_DERIVED_BREAKDOWN
Mormugao,2021,fertilizers,1.069,-2.0,7.0,REAL_IPA_2022_23_DERIVED_BREAKDOWN
Mormugao,2021,other,1.599,-2.0,10.0,REAL_IPA_2022_23_DERIVED_BREAKDOWN
Mormugao,2022,POL,5.621,-2.0,38.0,REAL_IPA_2022_23_DERIVED_BREAKDOWN
Mormugao,2022,iron_ore,2.239,-2.0,15.0,REAL_IPA_2022_23_DERIVED_BREAKDOWN
Mormugao,2022,coal,2.612,-2.0,18.0,REAL_IPA_2022_23_DERIVED_BREAKDOWN
Mormugao,2022,containers_teu,1.826,-2.0,12.0,REAL_IPA_2022_23_DERIVED_BREAKDOWN
Mormugao,2022,fertilizers,1.086,-2.0,7.0,REAL_IPA_2022_23_DERIVED_BREAKDOWN
Mormugao,2022,other,1.563,-2.0,10.0,REAL_IPA_2022_23_DERIVED_BREAKDOWN
Mormugao,2023,POL,5.583,-2.0,38.0,REAL_IPA_2022_23_DERIVED_BREAKDOWN
Mormugao,2023,iron_ore,2.228,-2.0,15.0,REAL_IPA_2022_23_DERIVED_BREAKDOWN
Mormugao,2023,coal,2.616,-2.0,18.0,REAL_IPA_2022_23_DERIVED_BREAKDOWN
Mormugao,2023,containers_teu,1.78,-2.0,12.0,REAL_IPA_2022_23_DERIVED_BREAKDOWN
Mormugao,2023,fertilizers,1.032,-2.0,7.0,REAL_IPA_2022_23_DERIVED_BREAKDOWN
Mormugao,2023,other,1.463,-2.0,10.0,REAL_IPA_2022_23_DERIVED_BREAKDOWN
Kolkata_SMPK,2018,POL,6.916,3.0,38.0,REAL_IPA_2022_23_DERIVED_BREAKDOWN
Kolkata_SMPK,2018,iron_ore,2.756,3.0,15.0,REAL_IPA_2022_23_DERIVED_BREAKDOWN
Kolkata_SMPK,2018,coal,3.234,3.0,18.0,REAL_IPA_2022_23_DERIVED_BREAKDOWN
Kolkata_SMPK,2018,containers_teu,2.159,3.0,12.0,REAL_IPA_2022_23_DERIVED_BREAKDOWN
Kolkata_SMPK,2018,fertilizers,1.334,3.0,7.0,REAL_IPA_2022_23_DERIVED_BREAKDOWN
Kolkata_SMPK,2018,other,1.96,3.0,10.0,REAL_IPA_2022_23_DERIVED_BREAKDOWN
Kolkata_SMPK,2019,POL,6.838,3.0,38.0,REAL_IPA_2022_23_DERIVED_BREAKDOWN
Kolkata_SMPK,2019,iron_ore,2.695,3.0,15.0,REAL_IPA_2022_23_DERIVED_BREAKDOWN
Kolkata_SMPK,2019,coal,3.264,3.0,18.0,REAL_IPA_2022_23_DERIVED_BREAKDOWN
Kolkata_SMPK,2019,containers_teu,2.233,3.0,12.0,REAL_IPA_2022_23_DERIVED_BREAKDOWN
Kolkata_SMPK,2019,fertilizers,1.342,3.0,7.0,REAL_IPA_2022_23_DERIVED_BREAKDOWN
Kolkata_SMPK,2019,other,1.9,3.0,10.0,REAL_IPA_2022_23_DERIVED_BREAKDOWN
Kolkata_SMPK,2020,POL,7.345,3.0,38.0,REAL_IPA_2022_23_DERIVED_BREAKDOWN
Kolkata_SMPK,2020,iron_ore,2.93,3.0,15.0,REAL_IPA_2022_23_DERIVED_BREAKDOWN
Kolkata_SMPK,2020,coal,3.389,3.0,18.0,REAL_IPA_2022_23_DERIVED_BREAKDOWN
Kolkata_SMPK,2020,containers_teu,2.291,3.0,12.0,REAL_IPA_2022_23_DERIVED_BREAKDOWN
Kolkata_SMPK,2020,fertilizers,1.345,3.0,7.0,REAL_IPA_2022_23_DERIVED_BREAKDOWN
Kolkata_SMPK,2020,other,1.832,3.0,10.0,REAL_IPA_2022_23_DERIVED_BREAKDOWN
Kolkata_SMPK,2021,POL,7.264,3.0,38.0,REAL_IPA_2022_23_DERIVED_BREAKDOWN
Kolkata_SMPK,2021,iron_ore,2.871,3.0,15.0,REAL_IPA_2022_23_DERIVED_BREAKDOWN
Kolkata_SMPK,2021,coal,3.647,3.0,18.0,REAL_IPA_2022_23_DERIVED_BREAKDOWN
Kolkata_SMPK,2021,containers_teu,2.394,3.0,12.0,REAL_IPA_2022_23_DERIVED_BREAKDOWN
Kolkata_SMPK,2021,fertilizers,1.412,3.0,7.0,REAL_IPA_2022_23_DERIVED_BREAKDOWN
Kolkata_SMPK,2021,other,1.871,3.0,10.0,REAL_IPA_2022_23_DERIVED_BREAKDOWN
Kolkata_SMPK,2022,POL,7.407,3.0,38.0,REAL_IPA_2022_23_DERIVED_BREAKDOWN
Kolkata_SMPK,2022,iron_ore,3.121,3.0,15.0,REAL_IPA_2022_23_DERIVED_BREAKDOWN
Kolkata_SMPK,2022,coal,3.366,3.0,18.0,REAL_IPA_2022_23_DERIVED_BREAKDOWN
Kolkata_SMPK,2022,containers_teu,2.538,3.0,12.0,REAL_IPA_2022_23_DERIVED_BREAKDOWN
Kolkata_SMPK,2022,fertilizers,1.35,3.0,7.0,REAL_IPA_2022_23_DERIVED_BREAKDOWN
Kolkata_SMPK,2022,other,2.092,3.0,10.0,REAL_IPA_2022_23_DERIVED_BREAKDOWN
Kolkata_SMPK,2023,POL,7.772,3.0,38.0,REAL_IPA_2022_23_DERIVED_BREAKDOWN
Kolkata_SMPK,2023,iron_ore,3.251,3.0,15.0,REAL_IPA_2022_23_DERIVED_BREAKDOWN
Kolkata_SMPK,2023,coal,4.146,3.0,18.0,REAL_IPA_2022_23_DERIVED_BREAKDOWN
Kolkata_SMPK,2023,containers_teu,2.349,3.0,12.0,REAL_IPA_2022_23_DERIVED_BREAKDOWN
Kolkata_SMPK,2023,fertilizers,1.502,3.0,7.0,REAL_IPA_2022_23_DERIVED_BREAKDOWN
Kolkata_SMPK,2023,other,1.987,3.0,10.0,REAL_IPA_2022_23_DERIVED_BREAKDOWN
Port_Blair,2018,POL,0.311,8.0,38.0,REAL_IPA_2022_23_DERIVED_BREAKDOWN
Port_Blair,2018,iron_ore,0.121,8.0,15.0,REAL_IPA_2022_23_DERIVED_BREAKDOWN
Port_Blair,2018,coal,0.146,8.0,18.0,REAL_IPA_2022_23_DERIVED_BREAKDOWN
Port_Blair,2018,containers_teu,0.094,8.0,12.0,REAL_IPA_2022_23_DERIVED_BREAKDOWN
Port_Blair,2018,fertilizers,0.058,8.0,7.0,REAL_IPA_2022_23_DERIVED_BREAKDOWN
Port_Blair,2018,other,0.077,8.0,10.0,REAL_IPA_2022_23_DERIVED_BREAKDOWN
Port_Blair,2019,POL,0.344,8.0,38.0,REAL_IPA_2022_23_DERIVED_BREAKDOWN
Port_Blair,2019,iron_ore,0.129,8.0,15.0,REAL_IPA_2022_23_DERIVED_BREAKDOWN
Port_Blair,2019,coal,0.151,8.0,18.0,REAL_IPA_2022_23_DERIVED_BREAKDOWN
Port_Blair,2019,containers_teu,0.11,8.0,12.0,REAL_IPA_2022_23_DERIVED_BREAKDOWN
Port_Blair,2019,fertilizers,0.061,8.0,7.0,REAL_IPA_2022_23_DERIVED_BREAKDOWN
Port_Blair,2019,other,0.092,8.0,10.0,REAL_IPA_2022_23_DERIVED_BREAKDOWN
Port_Blair,2020,POL,0.371,8.0,38.0,REAL_IPA_2022_23_DERIVED_BREAKDOWN
Port_Blair,2020,iron_ore,0.138,8.0,15.0,REAL_IPA_2022_23_DERIVED_BREAKDOWN
Port_Blair,2020,coal,0.169,8.0,18.0,REAL_IPA_2022_23_DERIVED_BREAKDOWN
Port_Blair,2020,containers_teu,0.114,8.0,12.0,REAL_IPA_2022_23_DERIVED_BREAKDOWN
Port_Blair,2020,fertilizers,0.069,8.0,7.0,REAL_IPA_2022_23_DERIVED_BREAKDOWN
Port_Blair,2020,other,0.096,8.0,10.0,REAL_IPA_2022_23_DERIVED_BREAKDOWN
Port_Blair,2021,POL,0.389,8.0,38.0,REAL_IPA_2022_23_DERIVED_BREAKDOWN
Port_Blair,2021,iron_ore,0.152,8.0,15.0,REAL_IPA_2022_23_DERIVED_BREAKDOWN
Port_Blair,2021,coal,0.183,8.0,18.0,REAL_IPA_2022_23_DERIVED_BREAKDOWN
Port_Blair,2021,containers_teu,0.127,8.0,12.0,REAL_IPA_2022_23_DERIVED_BREAKDOWN
Port_Blair,2021,fertilizers,0.071,8.0,7.0,REAL_IPA_2022_23_DERIVED_BREAKDOWN
Port_Blair,2021,other,0.101,8.0,10.0,REAL_IPA_2022_23_DERIVED_BREAKDOWN
Port_Blair,2022,POL,0.411,8.0,38.0,REAL_IPA_2022_23_DERIVED_BREAKDOWN
Port_Blair,2022,iron_ore,0.162,8.0,15.0,REAL_IPA_2022_23_DERIVED_BREAKDOWN
Port_Blair,2022,coal,0.19,8.0,18.0,REAL_IPA_2022_23_DERIVED_BREAKDOWN
Port_Blair,2022,containers_teu,0.129,8.0,12.0,REAL_IPA_2022_23_DERIVED_BREAKDOWN
Port_Blair,2022,fertilizers,0.08,8.0,7.0,REAL_IPA_2022_23_DERIVED_BREAKDOWN
Port_Blair,2022,other,0.109,8.0,10.0,REAL_IPA_2022_23_DERIVED_BREAKDOWN
Port_Blair,2023,POL,0.461,8.0,38.0,REAL_IPA_2022_23_DERIVED_BREAKDOWN
Port_Blair,2023,iron_ore,0.165,8.0,15.0,REAL_IPA_2022_23_DERIVED_BREAKDOWN
Port_Blair,2023,coal,0.217,8.0,18.0,REAL_IPA_2022_23_DERIVED_BREAKDOWN
Port_Blair,2023,containers_teu,0.142,8.0,12.0,REAL_IPA_2022_23_DERIVED_BREAKDOWN
Port_Blair,2023,fertilizers,0.082,8.0,7.0,REAL_IPA_2022_23_DERIVED_BREAKDOWN
Port_Blair,2023,other,0.119,8.0,10.0,REAL_IPA_2022_23_DERIVED_BREAKDOWN
