port_name,year,total_volume_mt
Chennai,2018,39.801
Chennai,2019,42.478
Chennai,2020,43.957
Chennai,2021,47.005
Chennai,2022,50.55
Chennai,2023,51.809
JNPA,2018,61.096
JNPA,2019,64.965
JNPA,2020,68.907
JNPA,2021,73.51599999999999
JNPA,2022,82.255
JNPA,2023,84.982
Kamarajar,2018,33.299
Kamarajar,2019,34.962
Kamarajar,2020,36.516
Kamarajar,2021,40.271
Kamarajar,2022,41.0
Kamarajar,2023,43.638
Kandla,2018,118.517
Kandla,2019,123.55799999999999
Kandla,2020,134.153
Kandla,2021,141.403
Kandla,2022,145.304
Kandla,2023,156.609
Kochi,2018,24.658
Kochi,2019,25.635
Kochi,2020,27.006
Kochi,2021,28.167
Kochi,2022,29.948
Kochi,2023,31.843
Kolkata_SMPK,2018,18.359
Kolkata_SMPK,2019,18.272
Kolkata_SMPK,2020,19.131999999999998
Kolkata_SMPK,2021,19.459
Kolkata_SMPK,2022,19.874
Kolkata_SMPK,2023,21.007
Mormugao,2018,16.194
Mormugao,2019,16.431
Mormugao,2020,15.815000000000001
Mormugao,2021,15.334
Mormugao,2022,14.947000000000001
Mormugao,2023,14.702
Mumbai,2018,57.742
Mumbai,2019,58.734
Mumbai,2020,62.152
Mumbai,2021,64.33200000000001
Mumbai,2022,67.22200000000001
Mumbai,2023,70.10600000000001
New Mangalore,2018,31.552999999999997
New Mangalore,2019,32.502
New Mangalore,2020,34.455
New Mangalore,2021,35.51
New Mangalore,2022,38.666
New Mangalore,2023,39.951
Paradip,2018,89.06099999999999
Paradip,2019,96.11500000000001
Paradip,2020,105.39099999999999
Paradip,2021,111.059
Paradip,2022,121.607
Paradip,2023,133.58
Port_Blair,2018,0.8069999999999999
Port_Blair,2019,0.887
Port_Blair,2020,0.9570000000000001
Port_Blair,2021,1.023
Port_Blair,2022,1.081
Port_Blair,2023,1.186
Tuticorin,2018,26.426000000000002
Tuticorin,2019,26.086
Tuticorin,2020,28.326999999999998
Tuticorin,2021,29.09
Tuticorin,2022,29.955000000000002
Tuticorin,2023,31.319
Visakhapatnam,2018,72.093
Visakhapatnam,2019,73.432
Visakhapatnam,2020,77.414
Visakhapatnam,2021,81.07600000000001
Visakhapatnam,2022,86.134
Visakhapatnam,2023,91.516
