route_id,origin_port,destination_port,distance_nm,typical_transit_hours,sea_lane,origin_lat,origin_lon,dest_lat,dest_lon,avg_wave_height_m,avg_wind_speed_knots,monsoon_factor,data_source
R001,JNPA,Mumbai,24,1.6,west_coast,18.949,72.949,18.922,72.8347,2.42,21.9,1.204,REAL_IPA_DISTANCES_DERIVED_WAYPOINTS
R002,Mumbai,JNPA,22,1.5,west_coast,18.922,72.8347,18.949,72.949,1.12,17.6,1.191,REAL_IPA_DISTANCES_DERIVED_WAYPOINTS
R003,JNPA,Kochi,876,58.4,west_coast,18.949,72.949,9.9312,76.2673,1.78,8.2,1.092,REAL_IPA_DISTANCES_DERIVED_WAYPOINTS
R004,Kochi,JNPA,870,58.0,west_coast,9.9312,76.2673,18.949,72.949,1.55,10.3,1.083,REAL_IPA_DISTANCES_DERIVED_WAYPOINTS
R005,JNPA,Chennai,1190,79.3,cross_coast,18.949,72.949,13.0827,80.2707,2.48,15.8,1.218,REAL_IPA_DISTANCES_DERIVED_WAYPOINTS
R006,Chennai,JNPA,1196,79.7,cross_coast,13.0827,80.2707,18.949,72.949,2.48,10.0,1.14,REAL_IPA_DISTANCES_DERIVED_WAYPOINTS
R007,JNPA,Kandla,297,19.8,west_coast,18.949,72.949,23.0116,70.2209,0.66,18.6,1.137,REAL_IPA_DISTANCES_DERIVED_WAYPOINTS
R008,Kandla,JNPA,290,19.3,west_coast,23.0116,70.2209,18.949,72.949,1.44,10.1,1.086,REAL_IPA_DISTANCES_DERIVED_WAYPOINTS
R009,JNPA,New_Mangalore,518,34.5,west_coast,18.949,72.949,12.9141,74.856,0.59,11.3,1.108,REAL_IPA_DISTANCES_DERIVED_WAYPOINTS
R010,New_Mangalore,JNPA,528,35.2,west_coast,12.9141,74.856,18.949,72.949,1.48,16.2,1.149,REAL_IPA_DISTANCES_DERIVED_WAYPOINTS
R011,JNPA,Mormugao,358,23.9,west_coast,18.949,72.949,15.42,73.79,0.99,19.8,1.178,REAL_IPA_DISTANCES_DERIVED_WAYPOINTS
R012,Mormugao,JNPA,359,23.9,west_coast,15.42,73.79,18.949,72.949,1.8,17.4,1.203,REAL_IPA_DISTANCES_DERIVED_WAYPOINTS
R013,Mumbai,Kochi,859,57.3,west_coast,18.922,72.8347,9.9312,76.2673,1.23,15.6,1.118,REAL_IPA_DISTANCES_DERIVED_WAYPOINTS
R014,Kochi,Mumbai,850,56.7,west_coast,9.9312,76.2673,18.922,72.8347,2.19,14.8,1.204,REAL_IPA_DISTANCES_DERIVED_WAYPOINTS
R015,Mumbai,Chennai,1179,78.6,cross_coast,18.922,72.8347,13.0827,80.2707,1.51,20.7,1.167,REAL_IPA_DISTANCES_DERIVED_WAYPOINTS
R016,Chennai,Mumbai,1181,78.7,cross_coast,13.0827,80.2707,18.922,72.8347,2.2,12.8,1.15,REAL_IPA_DISTANCES_DERIVED_WAYPOINTS
R017,Mumbai,Kandla,282,18.8,west_coast,18.922,72.8347,23.0116,70.2209,0.71,13.6,1.233,REAL_IPA_DISTANCES_DERIVED_WAYPOINTS
R018,Kandla,Mumbai,277,18.5,west_coast,23.0116,70.2209,18.922,72.8347,1.76,10.5,1.118,REAL_IPA_DISTANCES_DERIVED_WAYPOINTS
R019,Mumbai,New_Mangalore,507,33.8,west_coast,18.922,72.8347,12.9141,74.856,0.55,21.0,1.14,REAL_IPA_DISTANCES_DERIVED_WAYPOINTS
R020,New_Mangalore,Mumbai,505,33.7,west_coast,12.9141,74.856,18.922,72.8347,1.12,16.4,1.051,REAL_IPA_DISTANCES_DERIVED_WAYPOINTS
R021,Mumbai,Mormugao,349,23.3,west_coast,18.922,72.8347,15.42,73.79,1.91,16.9,1.246,REAL_IPA_DISTANCES_DERIVED_WAYPOINTS
R022,Mormugao,Mumbai,347,23.1,west_coast,15.42,73.79,18.922,72.8347,1.74,14.7,1.202,REAL_IPA_DISTANCES_DERIVED_WAYPOINTS
R023,Kochi,Chennai,538,35.9,cross_coast,9.9312,76.2673,13.0827,80.2707,1.94,21.5,1.206,REAL_IPA_DISTANCES_DERIVED_WAYPOINTS
R024,Chennai,Kochi,542,36.1,cross_coast,13.0827,80.2707,9.9312,76.2673,2.23,9.6,1.196,REAL_IPA_DISTANCES_DERIVED_WAYPOINTS
R025,Kochi,Tuticorin,189,12.6,cross_coast,9.9312,76.2673,8.7642,78.1348,1.61,17.2,1.244,REAL_IPA_DISTANCES_DERIVED_WAYPOINTS
R026,Tuticorin,Kochi,183,12.2,cross_coast,8.7642,78.1348,9.9312,76.2673,2.47,12.0,1.197,REAL_IPA_DISTANCES_DERIVED_WAYPOINTS
R027,Kochi,New_Mangalore,348,23.2,west_coast,9.9312,76.2673,12.9141,74.856,1.19,9.7,1.058,REAL_IPA_DISTANCES_DERIVED_WAYPOINTS
R028,New_Mangalore,Kochi,345,23.0,west_coast,12.9141,74.856,9.9312,76.2673,2.05,14.9,1.247,REAL_IPA_DISTANCES_DERIVED_WAYPOINTS
R029,Chennai,Tuticorin,370,24.7,east_coast,13.0827,80.2707,8.7642,78.1348,2.46,13.8,1.209,REAL_IPA_DISTANCES_DERIVED_WAYPOINTS
R030,Tuticorin,Chennai,364,24.3,east_coast,8.7642,78.1348,13.0827,80.2707,0.67,15.8,1.21,REAL_IPA_DISTANCES_DERIVED_WAYPOINTS
R031,Chennai,Visakhapatnam,396,26.4,east_coast,13.0827,80.2707,17.6883,83.2185,2.15,8.5,1.125,REAL_IPA_DISTANCES_DERIVED_WAYPOINTS
R032,Visakhapatnam,Chennai,406,27.1,east_coast,17.6883,83.2185,13.0827,80.2707,0.6,9.5,1.185,REAL_IPA_DISTANCES_DERIVED_WAYPOINTS
R033,Chennai,Kamarajar,18,1.2,east_coast,13.0827,80.2707,13.2168,80.3288,2.05,20.1,1.198,REAL_IPA_DISTANCES_DERIVED_WAYPOINTS
R034,Kamarajar,Chennai,17,1.1,east_coast,13.2168,80.3288,13.0827,80.2707,2.1,8.7,1.097,REAL_IPA_DISTANCES_DERIVED_WAYPOINTS
R035,Chennai,Paradip,692,46.1,east_coast,13.0827,80.2707,20.3148,86.6111,2.22,8.1,1.153,REAL_IPA_DISTANCES_DERIVED_WAYPOINTS
R036,Paradip,Chennai,700,46.7,east_coast,20.3148,86.6111,13.0827,80.2707,1.85,8.4,1.13,REAL_IPA_DISTANCES_DERIVED_WAYPOINTS
R037,Chennai,Kolkata_SMPK,853,56.9,east_coast,13.0827,80.2707,22.5726,88.3639,1.84,11.3,1.221,REAL_IPA_DISTANCES_DERIVED_WAYPOINTS
R038,Kolkata_SMPK,Chennai,856,57.1,east_coast,22.5726,88.3639,13.0827,80.2707,1.2,19.9,1.11,REAL_IPA_DISTANCES_DERIVED_WAYPOINTS
R039,Visakhapatnam,Paradip,313,20.9,east_coast,17.6883,83.2185,20.3148,86.6111,1.29,11.8,1.227,REAL_IPA_DISTANCES_DERIVED_WAYPOINTS
R040,Paradip,Visakhapatnam,311,20.7,east_coast,20.3148,86.6111,17.6883,83.2185,0.88,9.2,1.118,REAL_IPA_DISTANCES_DERIVED_WAYPOINTS
R041,Visakhapatnam,Kolkata_SMPK,491,32.7,east_coast,17.6883,83.2185,22.5726,88.3639,2.11,22.0,1.109,REAL_IPA_DISTANCES_DERIVED_WAYPOINTS
R042,Kolkata_SMPK,Visakhapatnam,495,33.0,east_coast,22.5726,88.3639,17.6883,83.2185,1.32,9.9,1.165,REAL_IPA_DISTANCES_DERIVED_WAYPOINTS
R043,Paradip,Kolkata_SMPK,217,14.5,east_coast,20.3148,86.6111,22.5726,88.3639,1.9,16.3,1.128,REAL_IPA_DISTANCES_DERIVED_WAYPOINTS
R044,Kolkata_SMPK,Paradip,229,15.3,east_coast,22.5726,88.3639,20.3148,86.6111,2.33,15.0,1.077,REAL_IPA_DISTANCES_DERIVED_WAYPOINTS
R045,Kandla,JNPA,286,19.1,west_coast,23.0116,70.2209,18.949,72.949,0.63,10.8,1.054,REAL_IPA_DISTANCES_DERIVED_WAYPOINTS
R046,JNPA,Kandla,290,19.3,west_coast,18.949,72.949,23.0116,70.2209,1.41,16.9,1.119,REAL_IPA_DISTANCES_DERIVED_WAYPOINTS
R047,Kandla,Mumbai,276,18.4,west_coast,23.0116,70.2209,18.922,72.8347,2.42,18.5,1.158,REAL_IPA_DISTANCES_DERIVED_WAYPOINTS
R048,Mumbai,Kandla,276,18.4,west_coast,18.922,72.8347,23.0116,70.2209,1.07,20.6,1.097,REAL_IPA_DISTANCES_DERIVED_WAYPOINTS
R049,Tuticorin,Port_Blair,761,50.7,cross_coast,8.7642,78.1348,11.6234,92.7265,2.32,15.4,1.198,REAL_IPA_DISTANCES_DERIVED_WAYPOINTS
R050,Port_Blair,Tuticorin,757,50.5,cross_coast,11.6234,92.7265,8.7642,78.1348,1.68,17.1,1.11,REAL_IPA_DISTANCES_DERIVED_WAYPOINTS
R051,Chennai,Port_Blair,797,53.1,cross_coast,13.0827,80.2707,11.6234,92.7265,1.14,10.2,1.225,REAL_IPA_DISTANCES_DERIVED_WAYPOINTS
R052,Port_Blair,Chennai,788,52.5,cross_coast,11.6234,92.7265,13.0827,80.2707,1.07,15.9,1.208,REAL_IPA_DISTANCES_DERIVED_WAYPOINTS
R053,Kochi,Mormugao,419,27.9,west_coast,9.9312,76.2673,15.42,73.79,1.38,14.7,1.249,REAL_IPA_DISTANCES_DERIVED_WAYPOINTS
R054,Mormugao,Kochi,422,28.1,west_coast,15.42,73.79,9.9312,76.2673,1.85,19.4,1.231,REAL_IPA_DISTANCES_DERIVED_WAYPOINTS
R055,New_Mangalore,Mormugao,169,11.3,west_coast,12.9141,74.856,15.42,73.79,0.87,15.9,1.07,REAL_IPA_DISTANCES_DERIVED_WAYPOINTS
R056,Mormugao,New_Mangalore,176,11.7,west_coast,15.42,73.79,12.9141,74.856,1.81,21.4,1.153,REAL_IPA_DISTANCES_DERIVED_WAYPOINTS
R057,Kamarajar,Visakhapatnam,419,27.9,east_coast,13.2168,80.3288,17.6883,83.2185,0.57,21.4,1.071,REAL_IPA_DISTANCES_DERIVED_WAYPOINTS
R058,Visakhapatnam,Kamarajar,411,27.4,east_coast,17.6883,83.2185,13.2168,80.3288,0.58,11.4,1.063,REAL_IPA_DISTANCES_DERIVED_WAYPOINTS
R059,Mormugao,Kandla,529,35.3,west_coast,15.42,73.79,23.0116,70.2209,1.53,12.4,1.06,REAL_IPA_DISTANCES_DERIVED_WAYPOINTS
R060,Kandla,Mormugao,521,34.7,west_coast,23.0116,70.2209,15.42,73.79,0.72,13.4,1.062,REAL_IPA_DISTANCES_DERIVED_WAYPOINTS
