zone_id,month,wave_height_m,wind_speed_knots,sea_surface_temp_c
Andaman_Sea,1,1.15,11.211111111111112,29.099999999999998
Andaman_Sea,2,0.911111111111111,10.399999999999999,29.45555555555556
Andaman_Sea,3,1.413333333333333,14.52222222222222,28.988888888888887
Andaman_Sea,4,1.36,13.366666666666667,28.255555555555556
Andaman_Sea,5,1.7088888888888887,15.844444444444443,28.622222222222224
Andaman_Sea,6,3.01,23.48888888888889,29.333333333333332
Andaman_Sea,7,3.272222222222222,20.633333333333333,28.4
Andaman_Sea,8,3.091111111111111,26.644444444444442,29.533333333333335
Andaman_Sea,9,3.2777777777777777,25.11111111111111,28.65555555555555
Andaman_Sea,10,1.9400000000000002,17.41111111111111,29.200000000000003
Andaman_Sea,11,1.6477777777777778,15.666666666666666,29.22222222222222
Andaman_Sea,12,0.8533333333333333,12.655555555555557,29.122222222222224
Arabian_Sea_North,1,0.9233333333333333,9.855555555555556,28.466666666666665
Arabian_Sea_North,2,1.2000000000000002,12.444444444444445,27.744444444444444
Arabian_Sea_North,3,1.4088888888888889,13.766666666666666,29.633333333333333
Arabian_Sea_North,4,1.6233333333333333,16.944444444444443,28.988888888888887
Arabian_Sea_North,5,1.5233333333333334,14.866666666666667,29.366666666666667
Arabian_Sea_North,6,3.5344444444444445,23.688888888888886,28.755555555555556
Arabian_Sea_North,7,2.82,23.944444444444443,28.84444444444445
Arabian_Sea_North,8,3.0066666666666664,25.1,28.700000000000003
Arabian_Sea_North,9,3.25,26.41111111111111,29.511111111111113
Arabian_Sea_North,10,1.6177777777777778,18.311111111111114,28.866666666666667
Arabian_Sea_North,11,2.05,15.433333333333334,28.422222222222224
Arabian_Sea_North,12,0.81,11.377777777777778,28.944444444444443
Arabian_Sea_South,1,1.0722222222222222,12.744444444444445,29.34444444444445
Arabian_Sea_South,2,0.8722222222222222,12.899999999999999,28.733333333333334
Arabian_Sea_South,3,1.4777777777777776,12.6,28.78888888888889
Arabian_Sea_South,4,1.4044444444444446,15.52222222222222,29.033333333333335
Arabian_Sea_South,5,1.4088888888888889,15.722222222222221,29.133333333333333
Arabian_Sea_South,6,3.546666666666667,21.055555555555557,28.45555555555556
Arabian_Sea_South,7,3.5733333333333337,22.577777777777776,27.644444444444446
Arabian_Sea_South,8,3.001111111111111,26.211111111111112,28.988888888888887
Arabian_Sea_South,9,2.4344444444444444,24.299999999999997,28.855555555555554
Arabian_Sea_South,10,1.5222222222222221,13.988888888888887,28.877777777777776
Arabian_Sea_South,11,1.9255555555555557,17.044444444444444,28.988888888888887
Arabian_Sea_South,12,1.0133333333333334,12.333333333333334,29.122222222222224
Bay_of_Bengal_North,1,0.7788888888888889,11.911111111111111,28.900000000000002
Bay_of_Bengal_North,2,0.8811111111111111,11.933333333333334,29.08888888888889
Bay_of_Bengal_North,3,1.5855555555555556,15.177777777777777,28.700000000000003
Bay_of_Bengal_North,4,1.2377777777777776,15.144444444444446,29.011111111111113
Bay_of_Bengal_North,5,1.6211111111111112,14.177777777777777,28.755555555555556
Bay_of_Bengal_North,6,2.9433333333333334,18.944444444444443,28.22222222222222
Bay_of_Bengal_North,7,3.1199999999999997,20.833333333333332,29.355555555555554
Bay_of_Bengal_North,8,3.192222222222222,25.21111111111111,28.666666666666668
Bay_of_Bengal_North,9,2.913333333333333,25.566666666666666,29.533333333333335
Bay_of_Bengal_North,10,1.6033333333333333,17.122222222222224,27.98888888888889
Bay_of_Bengal_North,11,1.7088888888888887,17.711111111111112,28.988888888888887
Bay_of_Bengal_North,12,1.0644444444444445,12.38888888888889,29.466666666666665
Bay_of_Bengal_South,1,0.991111111111111,13.088888888888889,28.433333333333334
Bay_of_Bengal_South,2,1.0444444444444445,12.322222222222223,28.37777777777778
Bay_of_Bengal_South,3,1.2433333333333332,15.38888888888889,29.011111111111113
Bay_of_Bengal_South,4,1.78,15.866666666666667,28.622222222222224
Bay_of_Bengal_South,5,1.7233333333333334,12.577777777777778,27.755555555555556
Bay_of_Bengal_South,6,2.8800000000000003,27.944444444444443,29.244444444444444
Bay_of_Bengal_South,7,3.111111111111111,21.38888888888889,28.422222222222224
Bay_of_Bengal_South,8,3.0011111111111113,24.22222222222222,28.900000000000002
Bay_of_Bengal_South,9,3.494444444444445,29.22222222222222,28.266666666666666
Bay_of_Bengal_South,10,1.9944444444444445,16.700000000000003,28.67777777777778
Bay_of_Bengal_South,11,2.1355555555555554,15.422222222222224,29.977777777777778
Bay_of_Bengal_South,12,0.9144444444444445,11.866666666666667,29.400000000000002
Gulf_of_Khambhat,1,0.8488888888888889,12.033333333333333,29.233333333333334
Gulf_of_Khambhat,2,0.8755555555555556,12.788888888888888,28.82222222222222
Gulf_of_Khambhat,3,1.4766666666666666,14.511111111111111,29.34444444444445
Gulf_of_Khambhat,4,1.6133333333333333,15.58888888888889,29.466666666666665
Gulf_of_Khambhat,5,1.6466666666666667,15.044444444444444,28.533333333333335
Gulf_of_Khambhat,6,3.052222222222222,21.155555555555555,30.166666666666668
Gulf_of_Khambhat,7,3.261111111111111,19.91111111111111,29.43333333333333
Gulf_of_Khambhat,8,2.84,20.177777777777777,29.511111111111113
Gulf_of_Khambhat,9,3.3499999999999996,24.466666666666665,28.644444444444446
Gulf_of_Khambhat,10,1.5355555555555556,14.922222222222224,28.67777777777778
Gulf_of_Khambhat,11,1.9322222222222223,16.433333333333334,29.28888888888889
Gulf_of_Khambhat,12,1.1633333333333333,11.977777777777778,28.311111111111114
Gulf_of_Kutch,1,0.8655555555555555,12.788888888888888,28.977777777777778
Gulf_of_Kutch,2,0.8966666666666667,11.744444444444445,28.58888888888889
Gulf_of_Kutch,3,1.508888888888889,12.58888888888889,28.900000000000002
Gulf_of_Kutch,4,1.7988888888888885,15.122222222222222,29.22222222222222
Gulf_of_Kutch,5,1.5355555555555556,15.133333333333333,28.766666666666666
Gulf_of_Kutch,6,3.8711111111111105,21.955555555555556,28.355555555555554
Gulf_of_Kutch,7,3.417777777777778,19.6,29.333333333333332
Gulf_of_Kutch,8,2.6244444444444444,23.266666666666666,29.93333333333333
Gulf_of_Kutch,9,2.8755555555555556,28.077777777777776,28.144444444444446
Gulf_of_Kutch,10,1.641111111111111,15.366666666666667,28.45555555555556
Gulf_of_Kutch,11,1.8677777777777775,15.100000000000001,29.04444444444444
Gulf_of_Kutch,12,1.01,11.288888888888888,29.700000000000003
Lakshadweep_Sea,1,1.0699999999999998,11.88888888888889,28.666666666666668
Lakshadweep_Sea,2,0.9055555555555556,12.255555555555555,28.333333333333332
Lakshadweep_Sea,3,1.3711111111111112,15.044444444444444,29.744444444444444
Lakshadweep_Sea,4,1.482222222222222,13.88888888888889,28.988888888888887
Lakshadweep_Sea,5,1.6077777777777778,15.733333333333333,28.944444444444443
Lakshadweep_Sea,6,3.092222222222222,23.822222222222223,27.91111111111111
Lakshadweep_Sea,7,3.1199999999999997,28.01111111111111,29.08888888888889
Lakshadweep_Sea,8,3.2955555555555556,23.4,28.72222222222222
Lakshadweep_Sea,9,3.128888888888889,26.788888888888888,28.988888888888887
Lakshadweep_Sea,10,1.5655555555555556,17.066666666666666,29.488888888888887
Lakshadweep_Sea,11,1.7022222222222223,16.077777777777776,28.033333333333335
Lakshadweep_Sea,12,0.9088888888888889,12.711111111111112,28.37777777777778
Palk_Strait,1,0.9155555555555556,13.155555555555557,28.599999999999998
Palk_Strait,2,1.021111111111111,10.788888888888888,28.799999999999997
Palk_Strait,3,1.3455555555555554,15.844444444444443,28.82222222222222
Palk_Strait,4,1.51,14.488888888888889,29.61111111111111
Palk_Strait,5,1.4855555555555557,14.044444444444444,28.12222222222222
Palk_Strait,6,3.078888888888889,24.266666666666666,29.811111111111114
Palk_Strait,7,2.8755555555555556,22.366666666666667,28.78888888888889
Palk_Strait,8,2.86,22.655555555555555,29.022222222222222
Palk_Strait,9,3.4744444444444444,24.666666666666668,29.555555555555557
Palk_Strait,10,2.092222222222222,15.933333333333334,29.08888888888889
Palk_Strait,11,1.5566666666666666,16.766666666666666,28.022222222222222
Palk_Strait,12,1.0566666666666666,12.144444444444444,28.733333333333334
Southern_TN_Coast,1,1.1822222222222223,11.777777777777779,28.77777777777778
Southern_TN_Coast,2,0.9944444444444444,11.733333333333333,27.799999999999997
Southern_TN_Coast,3,1.4311111111111112,15.066666666666666,28.0
Southern_TN_Coast,4,1.52,14.5,29.200000000000003
Southern_TN_Coast,5,1.4466666666666665,15.91111111111111,29.77777777777778
Southern_TN_Coast,6,3.247777777777778,26.08888888888889,28.866666666666667
Southern_TN_Coast,7,3.714444444444444,21.58888888888889,29.188888888888886
Southern_TN_Coast,8,3.16,22.855555555555554,27.555555555555557
Southern_TN_Coast,9,3.7777777777777777,22.333333333333332,28.95555555555556
Southern_TN_Coast,10,1.9122222222222223,14.355555555555554,28.066666666666666
Southern_TN_Coast,11,1.8577777777777778,17.155555555555555,29.200000000000003
Southern_TN_Coast,12,0.9022222222222221,11.477777777777778,29.06666666666667
