vessel_id,vessel_name,vessel_type,flag_state,year_built,gross_tonnage,deadweight_tonnage,length_overall_m,engine_power_kw,design_speed_knots,fuel_compatibility,imo_number,capacity_teu,operator,home_port,shore_power_compatible,data_source
V001,IN-BUL-001,bulk_carrier,India,2012,47772,63697,57.7,5732,13.8,"[""HFO"", ""MGO"", ""LNG""]",IMO9000001,0,Adani Ports,Mumbai,False,DERIVED_DG_SHIPPING_2022_23
V002,IN-BUL-002,bulk_carrier,India,2017,22281,29708,44.9,2673,15.9,"[""HFO"", ""MGO"", ""LNG""]",IMO9000002,0,APSEZ,New Mangalore,False,DERIVED_DG_SHIPPING_2022_23
V003,IN-BUL-003,bulk_carrier,India,2020,48227,64303,57.9,5787,12.5,"[""HFO"", ""MGO"", ""LNG""]",IMO9000003,0,Shreyas Shipping,Kochi,False,DERIVED_DG_SHIPPING_2022_23
V004,IN-BUL-004,bulk_carrier,India,2011,53503,71338,59.9,6420,14.6,"[""HFO"", ""MGO"", ""LNG""]",IMO9000004,0,Shreyas Shipping,Mormugao,False,DERIVED_DG_SHIPPING_2022_23
V005,IN-BUL-005,bulk_carrier,India,2006,35377,47170,52.3,4245,12.9,"[""HFO"", ""MGO"", ""LNG""]",IMO9000005,0,Shreyas Shipping,Kolkata_SMPK,False,DERIVED_DG_SHIPPING_2022_23
V006,IN-BUL-006,bulk_carrier,India,2006,49785,66381,58.5,5974,14.5,"[""HFO"", ""MGO"", ""LNG""]",IMO9000006,0,SCI,New Mangalore,False,DERIVED_DG_SHIPPING_2022_23
V007,IN-BUL-007,bulk_carrier,India,2013,32044,42726,50.6,3845,15.9,"[""HFO"", ""MGO"", ""LNG""]",IMO9000007,0,Adani Ports,Kamarajar,False,DERIVED_DG_SHIPPING_2022_23
V008,IN-BUL-008,bulk_carrier,India,2019,26048,34731,47.3,3125,13.9,"[""HFO"", ""MGO"", ""LNG""]",IMO9000008,0,Shreyas Shipping,JNPA,False,DERIVED_DG_SHIPPING_2022_23
V009,IN-BUL-009,bulk_carrier,India,2021,24535,32714,46.3,2944,14.7,"[""HFO"", ""MGO"", ""LNG""]",IMO9000009,0,APSEZ,Paradip,False,DERIVED_DG_SHIPPING_2022_23
V010,IN-BUL-010,bulk_carrier,India,2022,30968,41291,50.0,3716,13.5,"[""HFO"", ""MGO"", ""LNG""]",IMO9000010,0,SCI,Kochi,False,DERIVED_DG_SHIPPING_2022_23
V011,IN-BUL-011,bulk_carrier,India,2017,25854,34473,47.1,3102,12.5,"[""HFO"", ""MGO"", ""LNG""]",IMO9000011,0,Shreyas Shipping,Paradip,False,DERIVED_DG_SHIPPING_2022_23
V012,IN-BUL-012,bulk_carrier,India,2009,43867,58490,56.1,5264,13.7,"[""HFO"", ""MGO"", ""LNG""]",IMO9000012,0,SCI,Mormugao,False,DERIVED_DG_SHIPPING_2022_23
V013,IN-BUL-013,bulk_carrier,India,2018,45009,60013,56.6,5401,13.2,"[""HFO"", ""MGO"", ""LNG""]",IMO9000013,0,Adani Ports,Kandla,False,DERIVED_DG_SHIPPING_2022_23
V014,IN-BUL-014,bulk_carrier,India,2019,33279,44373,51.2,3993,13.2,"[""HFO"", ""MGO"", ""LNG""]",IMO9000014,0,Essar Shipping,Kamarajar,False,DERIVED_DG_SHIPPING_2022_23
V015,IN-BUL-015,bulk_carrier,India,2019,23990,31987,46.0,2878,12.8,"[""HFO"", ""MGO"", ""LNG""]",IMO9000015,0,SCI,Mormugao,False,DERIVED_DG_SHIPPING_2022_23
V016,IN-BUL-016,bulk_carrier,India,2019,43681,58242,56.1,5241,14.8,"[""HFO"", ""MGO"", ""LNG""]",IMO9000016,0,Essar Shipping,Mormugao,False,DERIVED_DG_SHIPPING_2022_23
V017,IN-BUL-017,bulk_carrier,India,2005,35958,47945,52.6,4315,14.3,"[""HFO"", ""MGO"", ""LNG""]",IMO9000017,0,SCI,Visakhapatnam,False,DERIVED_DG_SHIPPING_2022_23
V018,IN-BUL-018,bulk_carrier,India,2007,43815,58420,56.1,5257,13.9,"[""HFO"", ""MGO"", ""LNG""]",IMO9000018,0,Adani Ports,Tuticorin,False,DERIVED_DG_SHIPPING_2022_23
V019,IN-BUL-019,bulk_carrier,India,2015,47436,63249,57.6,5692,14.5,"[""HFO"", ""MGO"", ""LNG""]",IMO9000019,0,Shreyas Shipping,Mumbai,False,DERIVED_DG_SHIPPING_2022_23
V020,IN-BUL-020,bulk_carrier,India,2015,30147,40197,49.6,3617,12.1,"[""HFO"", ""MGO"", ""LNG""]",IMO9000020,0,Essar Shipping,Kandla,False,DERIVED_DG_SHIPPING_2022_23
V021,IN-BUL-021,bulk_carrier,India,2022,26796,35729,47.7,3215,13.6,"[""HFO"", ""MGO"", ""LNG""]",IMO9000021,0,Adani Ports,JNPA,False,DERIVED_DG_SHIPPING_2022_23
V022,IN-BUL-022,bulk_carrier,India,2009,20936,27915,44.0,2512,13.1,"[""HFO"", ""MGO"", ""LNG""]",IMO9000022,0,Adani Ports,Visakhapatnam,False,DERIVED_DG_SHIPPING_2022_23
V023,IN-BUL-023,bulk_carrier,India,2014,43571,58095,56.0,5228,14.2,"[""HFO"", ""MGO"", ""LNG""]",IMO9000023,0,APSEZ,Port_Blair,False,DERIVED_DG_SHIPPING_2022_23
V024,IN-BUL-024,bulk_carrier,India,2016,33989,45319,51.6,4078,15.3,"[""HFO"", ""MGO"", ""LNG""]",IMO9000024,0,Essar Shipping,Chennai,False,DERIVED_DG_SHIPPING_2022_23
V025,IN-BUL-025,bulk_carrier,India,2018,19601,26135,43.0,2352,12.4,"[""HFO"", ""MGO"", ""LNG""]",IMO9000025,0,APSEZ,New Mangalore,False,DERIVED_DG_SHIPPING_2022_23
V026,IN-BUL-026,bulk_carrier,India,2013,24797,33063,46.5,2975,14.0,"[""HFO"", ""MGO"", ""LNG""]",IMO9000026,0,Adani Ports,Mumbai,False,DERIVED_DG_SHIPPING_2022_23
V027,IN-BUL-027,bulk_carrier,India,2007,44862,59816,56.6,5383,13.8,"[""HFO"", ""MGO"", ""LNG""]",IMO9000027,0,Essar Shipping,Visakhapatnam,False,DERIVED_DG_SHIPPING_2022_23
V028,IN-BUL-028,bulk_carrier,India,2010,42385,56514,55.5,5086,13.4,"[""HFO"", ""MGO"", ""LNG""]",IMO9000028,0,Adani Ports,Mumbai,False,DERIVED_DG_SHIPPING_2022_23
V029,IN-BUL-029,bulk_carrier,India,2011,23175,30900,45.5,2781,15.8,"[""HFO"", ""MGO"", ""LNG""]",IMO9000029,0,Adani Ports,Kochi,False,DERIVED_DG_SHIPPING_2022_23
V030,IN-BUL-030,bulk_carrier,India,2017,28719,38293,48.8,3446,15.9,"[""HFO"", ""MGO"", ""LNG""]",IMO9000030,0,Essar Shipping,Mormugao,False,DERIVED_DG_SHIPPING_2022_23
V031,IN-BUL-031,bulk_carrier,India,2018,45633,60844,56.9,5475,13.8,"[""HFO"", ""MGO"", ""LNG""]",IMO9000031,0,Essar Shipping,Mumbai,False,DERIVED_DG_SHIPPING_2022_23
V032,IN-BUL-032,bulk_carrier,India,2006,52597,70130,59.6,6311,13.8,"[""HFO"", ""MGO"", ""LNG""]",IMO9000032,0,APSEZ,Chennai,False,DERIVED_DG_SHIPPING_2022_23
V033,IN-BUL-033,bulk_carrier,India,2014,30222,40297,49.6,3626,14.3,"[""HFO"", ""MGO"", ""LNG""]",IMO9000033,0,SCI,Kochi,False,DERIVED_DG_SHIPPING_2022_23
V034,IN-BUL-034,bulk_carrier,India,2020,47193,62925,57.5,5663,14.9,"[""HFO"", ""MGO"", ""LNG""]",IMO9000034,0,APSEZ,Kandla,False,DERIVED_DG_SHIPPING_2022_23
V035,IN-BUL-035,bulk_carrier,India,2006,42273,56365,55.5,5072,14.3,"[""HFO"", ""MGO"", ""LNG""]",IMO9000035,0,APSEZ,Kamarajar,False,DERIVED_DG_SHIPPING_2022_23
V036,IN-BUL-036,bulk_carrier,India,2006,34342,45790,51.8,4121,12.2,"[""HFO"", ""MGO"", ""LNG""]",IMO9000036,0,SCI,Kochi,False,DERIVED_DG_SHIPPING_2022_23
V037,IN-BUL-037,bulk_carrier,India,2017,31119,41493,50.1,3734,12.6,"[""HFO"", ""MGO"", ""LNG""]",IMO9000037,0,SCI,Chennai,False,DERIVED_DG_SHIPPING_2022_23
V038,IN-BUL-038,bulk_carrier,India,2015,25146,33529,46.7,3017,15.7,"[""HFO"", ""MGO"", ""LNG""]",IMO9000038,0,Adani Ports,Tuticorin,False,DERIVED_DG_SHIPPING_2022_23
V039,IN-BUL-039,bulk_carrier,India,2010,31757,42343,50.5,3810,14.4,"[""HFO"", ""MGO"", ""LNG""]",IMO9000039,0,SCI,Mumbai,False,DERIVED_DG_SHIPPING_2022_23
V040,IN-BUL-040,bulk_carrier,India,2022,36836,49115,53.0,4420,15.1,"[""HFO"", ""MGO"", ""LNG""]",IMO9000040,0,SCI,Mumbai,False,DERIVED_DG_SHIPPING_2022_23
V041,IN-BUL-041,bulk_carrier,India,2012,36999,49332,53.1,4439,14.0,"[""HFO"", ""MGO"", ""LNG""]",IMO9000041,0,Adani Ports,Chennai,False,DERIVED_DG_SHIPPING_2022_23
V042,IN-BUL-042,bulk_carrier,India,2015,36505,48674,52.8,4380,13.1,"[""HFO"", ""MGO"", ""LNG""]",IMO9000042,0,Adani Ports,Paradip,False,DERIVED_DG_SHIPPING_2022_23
V043,IN-CON-043,container_ship,India,2010,20448,27264,43.6,3544,19.5,"[""HFO"", ""MGO"", ""LNG"", ""Methanol""]",IMO9000043,1947,SCI,Paradip,False,DERIVED_DG_SHIPPING_2022_23
V044,IN-CON-044,container_ship,India,2019,30867,41157,50.0,5350,17.1,"[""HFO"", ""MGO"", ""LNG"", ""Methanol""]",IMO9000044,2939,Essar Shipping,Tuticorin,False,DERIVED_DG_SHIPPING_2022_23
V045,IN-CON-045,container_ship,India,2007,9012,12017,33.3,1562,21.4,"[""HFO"", ""MGO"", ""LNG"", ""Methanol""]",IMO9000045,858,Essar Shipping,Visakhapatnam,False,DERIVED_DG_SHIPPING_2022_23
V046,IN-CON-046,container_ship,India,2016,26173,34898,47.3,4536,22.1,"[""HFO"", ""MGO"", ""LNG"", ""Methanol""]",IMO9000046,2492,Essar Shipping,Mumbai,False,DERIVED_DG_SHIPPING_2022_23
V047,IN-CON-047,container_ship,India,2009,31419,41892,50.3,5445,17.8,"[""HFO"", ""MGO"", ""LNG"", ""Methanol""]",IMO9000047,2992,SCI,Mumbai,False,DERIVED_DG_SHIPPING_2022_23
V048,IN-CON-048,container_ship,India,2014,16293,21724,40.5,2824,22.6,"[""HFO"", ""MGO"", ""LNG"", ""Methanol""]",IMO9000048,1551,Shreyas Shipping,Mormugao,False,DERIVED_DG_SHIPPING_2022_23
V049,IN-CON-049,container_ship,India,2016,14800,19734,39.2,2565,23.6,"[""HFO"", ""MGO"", ""LNG"", ""Methanol""]",IMO9000049,1409,Essar Shipping,Kamarajar,False,DERIVED_DG_SHIPPING_2022_23
V050,IN-CON-050,container_ship,India,2014,13102,17470,37.7,2271,23.5,"[""HFO"", ""MGO"", ""LNG"", ""Methanol""]",IMO9000050,1247,SCI,Chennai,False,DERIVED_DG_SHIPPING_2022_23
V051,IN-CON-051,container_ship,India,2022,7245,9661,31.0,1255,19.5,"[""HFO"", ""MGO"", ""LNG"", ""Methanol""]",IMO9000051,690,Adani Ports,Mumbai,False,DERIVED_DG_SHIPPING_2022_23
V052,IN-CON-052,container_ship,India,2021,26773,35698,47.7,4640,23.1,"[""HFO"", ""MGO"", ""LNG"", ""Methanol""]",IMO9000052,2549,Essar Shipping,Kolkata_SMPK,False,DERIVED_DG_SHIPPING_2022_23
V053,IN-CON-053,container_ship,India,2005,20397,27197,43.6,3535,18.5,"[""HFO"", ""MGO"", ""LNG"", ""Methanol""]",IMO9000053,1942,APSEZ,Paradip,False,DERIVED_DG_SHIPPING_2022_23
V054,IN-CON-054,container_ship,India,2016,16368,21825,40.5,2837,16.8,"[""HFO"", ""MGO"", ""LNG"", ""Methanol""]",IMO9000054,1558,APSEZ,New Mangalore,False,DERIVED_DG_SHIPPING_2022_23
V055,IN-CON-055,container_ship,India,2022,13283,17711,37.8,2302,23.5,"[""HFO"", ""MGO"", ""LNG"", ""Methanol""]",IMO9000055,1265,Essar Shipping,JNPA,False,DERIVED_DG_SHIPPING_2022_23
V056,IN-CON-056,container_ship,India,2007,29063,38751,49.0,5037,17.2,"[""HFO"", ""MGO"", ""LNG"", ""Methanol""]",IMO9000056,2767,APSEZ,Chennai,False,DERIVED_DG_SHIPPING_2022_23
V057,IN-CON-057,container_ship,India,2005,22632,30177,45.1,3923,23.0,"[""HFO"", ""MGO"", ""LNG"", ""Methanol""]",IMO9000057,2155,SCI,Visakhapatnam,False,DERIVED_DG_SHIPPING_2022_23
V058,IN-CON-058,container_ship,India,2010,27572,36763,48.2,4779,23.8,"[""HFO"", ""MGO"", ""LNG"", ""Methanol""]",IMO9000058,2625,Shreyas Shipping,Kochi,False,DERIVED_DG_SHIPPING_2022_23
V059,IN-CON-059,container_ship,India,2008,9993,13324,34.5,1732,16.1,"[""HFO"", ""MGO"", ""LNG"", ""Methanol""]",IMO9000059,951,Essar Shipping,Visakhapatnam,False,DERIVED_DG_SHIPPING_2022_23
V060,IN-CON-060,container_ship,India,2007,24804,33073,46.5,4299,17.0,"[""HFO"", ""MGO"", ""LNG"", ""Methanol""]",IMO9000060,2362,Essar Shipping,Kochi,False,DERIVED_DG_SHIPPING_2022_23
V061,IN-CON-061,container_ship,India,2012,25265,33687,46.8,4379,20.6,"[""HFO"", ""MGO"", ""LNG"", ""Methanol""]",IMO9000061,2406,SCI,Kolkata_SMPK,False,DERIVED_DG_SHIPPING_2022_23
V062,IN-CON-062,container_ship,India,2019,25852,34470,47.1,4481,21.9,"[""HFO"", ""MGO"", ""LNG"", ""Methanol""]",IMO9000062,2462,Adani Ports,Mumbai,False,DERIVED_DG_SHIPPING_2022_23
V063,IN-CON-063,container_ship,India,2006,9433,12578,33.8,1635,23.4,"[""HFO"", ""MGO"", ""LNG"", ""Methanol""]",IMO9000063,898,Essar Shipping,Port_Blair,False,DERIVED_DG_SHIPPING_2022_23
V064,IN-CON-064,container_ship,India,2010,19557,26077,43.0,3390,21.3,"[""HFO"", ""MGO"", ""LNG"", ""Methanol""]",IMO9000064,1862,Essar Shipping,Port_Blair,False,DERIVED_DG_SHIPPING_2022_23
V065,IN-CON-065,container_ship,India,2013,13948,18598,38.5,2417,23.4,"[""HFO"", ""MGO"", ""LNG"", ""Methanol""]",IMO9000065,1328,SCI,Tuticorin,False,DERIVED_DG_SHIPPING_2022_23
V066,IN-CON-066,container_ship,India,2014,23592,31457,45.7,4089,16.8,"[""HFO"", ""MGO"", ""LNG"", ""Methanol""]",IMO9000066,2246,APSEZ,Mumbai,False,DERIVED_DG_SHIPPING_2022_23
V067,IN-CON-067,container_ship,India,2007,17630,23507,41.6,3055,23.7,"[""HFO"", ""MGO"", ""LNG"", ""Methanol""]",IMO9000067,1679,Shreyas Shipping,Chennai,False,DERIVED_DG_SHIPPING_2022_23
V068,IN-CON-068,container_ship,India,2021,28320,37761,48.6,4908,19.7,"[""HFO"", ""MGO"", ""LNG"", ""Methanol""]",IMO9000068,2697,APSEZ,Mormugao,False,DERIVED_DG_SHIPPING_2022_23
V069,IN-CON-069,container_ship,India,2010,6494,8659,29.9,1125,16.9,"[""HFO"", ""MGO"", ""LNG"", ""Methanol""]",IMO9000069,618,Adani Ports,Visakhapatnam,False,DERIVED_DG_SHIPPING_2022_23
V070,IN-CON-070,container_ship,India,2019,12455,16607,37.0,2158,20.2,"[""HFO"", ""MGO"", ""LNG"", ""Methanol""]",IMO9000070,1186,APSEZ,Tuticorin,False,DERIVED_DG_SHIPPING_2022_23
V071,IN-TAN-071,tanker,India,2010,54048,72064,60.1,5765,15.4,"[""HFO"", ""MGO"", ""LNG""]",IMO9000071,0,Shreyas Shipping,Mumbai,False,DERIVED_DG_SHIPPING_2022_23
V072,IN-TAN-072,tanker,India,2011,34164,45552,51.7,3644,15.6,"[""HFO"", ""MGO"", ""LNG""]",IMO9000072,0,Adani Ports,Kolkata_SMPK,False,DERIVED_DG_SHIPPING_2022_23
V073,IN-TAN-073,tanker,India,2009,35424,47233,52.3,3778,14.0,"[""HFO"", ""MGO"", ""LNG""]",IMO9000073,0,Essar Shipping,Port_Blair,False,DERIVED_DG_SHIPPING_2022_23
V074,IN-TAN-074,tanker,India,2018,51745,68994,59.3,5519,13.4,"[""HFO"", ""MGO"", ""LNG""]",IMO9000074,0,Adani Ports,JNPA,False,DERIVED_DG_SHIPPING_2022_23
V075,IN-TAN-075,tanker,India,2008,41749,55666,55.2,4453,13.6,"[""HFO"", ""MGO"", ""LNG""]",IMO9000075,0,Adani Ports,Paradip,False,DERIVED_DG_SHIPPING_2022_23
V076,IN-TAN-076,tanker,India,2010,21474,28632,44.3,2290,16.7,"[""HFO"", ""MGO"", ""LNG""]",IMO9000076,0,Shreyas Shipping,Chennai,False,DERIVED_DG_SHIPPING_2022_23
V077,IN-TAN-077,tanker,India,2013,27812,37083,48.3,2966,13.6,"[""HFO"", ""MGO"", ""LNG""]",IMO9000077,0,SCI,Tuticorin,False,DERIVED_DG_SHIPPING_2022_23
V078,IN-TAN-078,tanker,India,2005,17492,23323,41.4,1865,13.7,"[""HFO"", ""MGO"", ""LNG""]",IMO9000078,0,Adani Ports,JNPA,False,DERIVED_DG_SHIPPING_2022_23
V079,IN-TAN-079,tanker,India,2019,41601,55468,55.2,4437,15.7,"[""HFO"", ""MGO"", ""LNG""]",IMO9000079,0,Essar Shipping,Mormugao,False,DERIVED_DG_SHIPPING_2022_23
V080,IN-TAN-080,tanker,India,2010,37703,50271,53.4,4021,16.5,"[""HFO"", ""MGO"", ""LNG""]",IMO9000080,0,APSEZ,Kolkata_SMPK,False,DERIVED_DG_SHIPPING_2022_23
V081,IN-TAN-081,tanker,India,2021,16956,22608,41.0,1808,13.7,"[""HFO"", ""MGO"", ""LNG""]",IMO9000081,0,Essar Shipping,Chennai,False,DERIVED_DG_SHIPPING_2022_23
V082,IN-TAN-082,tanker,India,2009,40704,54273,54.8,4341,14.7,"[""HFO"", ""MGO"", ""LNG""]",IMO9000082,0,Essar Shipping,JNPA,False,DERIVED_DG_SHIPPING_2022_23
V083,IN-TAN-083,tanker,India,2021,31812,42416,50.5,3393,15.1,"[""HFO"", ""MGO"", ""LNG""]",IMO9000083,0,SCI,Mumbai,False,DERIVED_DG_SHIPPING_2022_23
V084,IN-TAN-084,tanker,India,2020,17337,23117,41.3,1849,16.7,"[""HFO"", ""MGO"", ""LNG""]",IMO9000084,0,APSEZ,Mumbai,False,DERIVED_DG_SHIPPING_2022_23
V085,IN-TAN-085,tanker,India,2009,52960,70614,59.7,5649,16.6,"[""HFO"", ""MGO"", ""LNG""]",IMO9000085,0,Adani Ports,Paradip,False,DERIVED_DG_SHIPPING_2022_23
V086,IN-TAN-086,tanker,India,2019,50076,66768,58.6,5341,15.6,"[""HFO"", ""MGO"", ""LNG""]",IMO9000086,0,APSEZ,Mormugao,False,DERIVED_DG_SHIPPING_2022_23
V087,IN-TAN-087,tanker,India,2010,21054,28073,44.1,2245,15.1,"[""HFO"", ""MGO"", ""LNG""]",IMO9000087,0,Shreyas Shipping,Port_Blair,False,DERIVED_DG_SHIPPING_2022_23
V088,IN-TAN-088,tanker,India,2020,35825,47767,52.5,3821,14.5,"[""HFO"", ""MGO"", ""LNG""]",IMO9000088,0,APSEZ,Kamarajar,False,DERIVED_DG_SHIPPING_2022_23
V089,IN-TAN-089,tanker,India,2012,26990,35987,47.8,2878,13.6,"[""HFO"", ""MGO"", ""LNG""]",IMO9000089,0,Shreyas Shipping,Chennai,False,DERIVED_DG_SHIPPING_2022_23
V090,IN-TAN-090,tanker,India,2012,25465,33954,46.9,2716,14.5,"[""HFO"", ""MGO"", ""LNG""]",IMO9000090,0,Shreyas Shipping,Paradip,False,DERIVED_DG_SHIPPING_2022_23
V091,IN-TAN-091,tanker,India,2008,29736,39649,49.4,3171,14.5,"[""HFO"", ""MGO"", ""LNG""]",IMO9000091,0,APSEZ,Visakhapatnam,False,DERIVED_DG_SHIPPING_2022_23
V092,IN-TAN-092,tanker,India,2010,57698,76931,61.4,6154,16.7,"[""HFO"", ""MGO"", ""LNG""]",IMO9000092,0,Adani Ports,Kochi,False,DERIVED_DG_SHIPPING_2022_23
V093,IN-TAN-093,tanker,India,2022,29775,39701,49.4,3176,15.1,"[""HFO"", ""MGO"", ""LNG""]",IMO9000093,0,Adani Ports,Kochi,False,DERIVED_DG_SHIPPING_2022_23
V094,IN-TAN-094,tanker,India,2016,51197,68263,59.1,5461,15.1,"[""HFO"", ""MGO"", ""LNG""]",IMO9000094,0,APSEZ,Kamarajar,False,DERIVED_DG_SHIPPING_2022_23
V095,IN-TAN-095,tanker,India,2005,27966,37289,48.4,2983,15.9,"[""HFO"", ""MGO"", ""LNG""]",IMO9000095,0,Essar Shipping,Tuticorin,False,DERIVED_DG_SHIPPING_2022_23
V096,IN-TAN-096,tanker,India,2017,53732,71643,60.0,5731,13.5,"[""HFO"", ""MGO"", ""LNG""]",IMO9000096,0,Adani Ports,Tuticorin,False,DERIVED_DG_SHIPPING_2022_23
V097,IN-TAN-097,tanker,India,2015,19278,25705,42.8,2056,15.9,"[""HFO"", ""MGO"", ""LNG""]",IMO9000097,0,SCI,Kochi,False,DERIVED_DG_SHIPPING_2022_23
V098,IN-TAN-098,tanker,India,2021,21183,28244,44.1,2259,16.8,"[""HFO"", ""MGO"", ""LNG""]",IMO9000098,0,SCI,Mormugao,False,DERIVED_DG_SHIPPING_2022_23
V099,IN-TAN-099,tanker,India,2022,41715,55620,55.2,4449,16.1,"[""HFO"", ""MGO"", ""LNG""]",IMO9000099,0,APSEZ,Port_Blair,False,DERIVED_DG_SHIPPING_2022_23
V100,IN-TAN-100,tanker,India,2022,26402,35203,47.5,2816,15.4,"[""HFO"", ""MGO"", ""LNG""]",IMO9000100,0,SCI,Mumbai,False,DERIVED_DG_SHIPPING_2022_23
V101,IN-TAN-101,tanker,India,2007,42726,56969,55.6,4557,13.7,"[""HFO"", ""MGO"", ""LNG""]",IMO9000101,0,Shreyas Shipping,JNPA,False,DERIVED_DG_SHIPPING_2022_23
V102,IN-TAN-102,tanker,India,2015,35969,47959,52.6,3836,15.1,"[""HFO"", ""MGO"", ""LNG""]",IMO9000102,0,APSEZ,New Mangalore,False,DERIVED_DG_SHIPPING_2022_23
V103,IN-TAN-103,tanker,India,2009,50965,67954,59.0,5436,15.0,"[""HFO"", ""MGO"", ""LNG""]",IMO9000103,0,Shreyas Shipping,Mumbai,False,DERIVED_DG_SHIPPING_2022_23
V104,IN-TAN-104,tanker,India,2021,20388,27184,43.6,2174,13.5,"[""HFO"", ""MGO"", ""LNG""]",IMO9000104,0,APSEZ,Mumbai,False,DERIVED_DG_SHIPPING_2022_23
V105,IN-TAN-105,tanker,India,2021,44603,59471,56.4,4757,14.7,"[""HFO"", ""MGO"", ""LNG""]",IMO9000105,0,APSEZ,Chennai,False,DERIVED_DG_SHIPPING_2022_23
V106,IN-GEN-106,general_cargo,India,2017,7503,10004,31.3,1100,15.6,"[""HFO"", ""MGO""]",IMO9000106,0,Adani Ports,New Mangalore,False,DERIVED_DG_SHIPPING_2022_23
V107,IN-GEN-107,general_cargo,India,2014,6793,9058,30.3,996,13.5,"[""HFO"", ""MGO""]",IMO9000107,0,Essar Shipping,Paradip,False,DERIVED_DG_SHIPPING_2022_23
V108,IN-GEN-108,general_cargo,India,2007,5412,7216,28.1,793,15.7,"[""HFO"", ""MGO""]",IMO9000108,0,Shreyas Shipping,Kandla,False,DERIVED_DG_SHIPPING_2022_23
V109,IN-GEN-109,general_cargo,India,2008,8061,10749,32.1,1182,14.9,"[""HFO"", ""MGO""]",IMO9000109,0,Shreyas Shipping,Port_Blair,False,DERIVED_DG_SHIPPING_2022_23
V110,IN-GEN-110,general_cargo,India,2021,12528,16704,37.1,1837,13.9,"[""HFO"", ""MGO""]",IMO9000110,0,SCI,Paradip,False,DERIVED_DG_SHIPPING_2022_23
V111,IN-GEN-111,general_cargo,India,2020,14849,19799,39.3,2177,14.9,"[""HFO"", ""MGO""]",IMO9000111,0,Adani Ports,Kandla,False,DERIVED_DG_SHIPPING_2022_23
V112,IN-GEN-112,general_cargo,India,2007,13318,17758,37.9,1953,14.5,"[""HFO"", ""MGO""]",IMO9000112,0,SCI,Mumbai,False,DERIVED_DG_SHIPPING_2022_23
V113,IN-GEN-113,general_cargo,India,2014,10367,13823,34.9,1520,14.7,"[""HFO"", ""MGO""]",IMO9000113,0,SCI,Mumbai,False,DERIVED_DG_SHIPPING_2022_23
V114,IN-GEN-114,general_cargo,India,2013,13035,17380,37.6,1911,13.2,"[""HFO"", ""MGO""]",IMO9000114,0,Adani Ports,Kandla,False,DERIVED_DG_SHIPPING_2022_23
V115,IN-GEN-115,general_cargo,India,2014,8725,11634,32.9,1279,13.2,"[""HFO"", ""MGO""]",IMO9000115,0,Adani Ports,New Mangalore,False,DERIVED_DG_SHIPPING_2022_23
V116,IN-GEN-116,general_cargo,India,2019,4993,6658,27.4,732,16.0,"[""HFO"", ""MGO""]",IMO9000116,0,SCI,Kolkata_SMPK,False,DERIVED_DG_SHIPPING_2022_23
V117,IN-GEN-117,general_cargo,India,2005,6943,9258,30.6,1018,15.3,"[""HFO"", ""MGO""]",IMO9000117,0,SCI,Kamarajar,False,DERIVED_DG_SHIPPING_2022_23
V118,IN-GEN-118,general_cargo,India,2022,11238,14985,35.8,1648,14.6,"[""HFO"", ""MGO""]",IMO9000118,0,APSEZ,Mumbai,False,DERIVED_DG_SHIPPING_2022_23
V119,IN-GEN-119,general_cargo,India,2009,13841,18455,38.4,2030,12.1,"[""HFO"", ""MGO""]",IMO9000119,0,Essar Shipping,Kandla,False,DERIVED_DG_SHIPPING_2022_23
V120,IN-GEN-120,general_cargo,India,2007,12488,16651,37.1,1831,12.8,"[""HFO"", ""MGO""]",IMO9000120,0,SCI,Kolkata_SMPK,False,DERIVED_DG_SHIPPING_2022_23
V121,IN-GEN-121,general_cargo,India,2005,11133,14844,35.7,1632,12.1,"[""HFO"", ""MGO""]",IMO9000121,0,SCI,Chennai,False,DERIVED_DG_SHIPPING_2022_23
V122,IN-GEN-122,general_cargo,India,2005,10566,14088,35.1,1549,15.2,"[""HFO"", ""MGO""]",IMO9000122,0,Adani Ports,Visakhapatnam,False,DERIVED_DG_SHIPPING_2022_23
V123,IN-GEN-123,general_cargo,India,2017,13305,17741,37.9,1951,12.2,"[""HFO"", ""MGO""]",IMO9000123,0,Adani Ports,Port_Blair,False,DERIVED_DG_SHIPPING_2022_23
V124,IN-GEN-124,general_cargo,India,2021,12435,16581,37.0,1823,14.8,"[""HFO"", ""MGO""]",IMO9000124,0,Adani Ports,Mormugao,False,DERIVED_DG_SHIPPING_2022_23
V125,IN-GEN-125,general_cargo,India,2007,4201,5602,25.9,616,12.8,"[""HFO"", ""MGO""]",IMO9000125,0,SCI,New Mangalore,False,DERIVED_DG_SHIPPING_2022_23
V126,IN-GEN-126,general_cargo,India,2014,12132,16177,36.7,1779,14.5,"[""HFO"", ""MGO""]",IMO9000126,0,SCI,Kolkata_SMPK,False,DERIVED_DG_SHIPPING_2022_23
V127,IN-GEN-127,general_cargo,India,2005,5496,7328,28.3,806,14.9,"[""HFO"", ""MGO""]",IMO9000127,0,SCI,JNPA,False,DERIVED_DG_SHIPPING_2022_23
V128,IN-GEN-128,general_cargo,India,2009,11736,15648,36.3,1721,15.9,"[""HFO"", ""MGO""]",IMO9000128,0,APSEZ,Tuticorin,False,DERIVED_DG_SHIPPING_2022_23
V129,IN-GEN-129,general_cargo,India,2005,4362,5817,26.2,639,14.5,"[""HFO"", ""MGO""]",IMO9000129,0,SCI,Chennai,False,DERIVED_DG_SHIPPING_2022_23
V130,IN-GEN-130,general_cargo,India,2020,11732,15643,36.3,1720,12.7,"[""HFO"", ""MGO""]",IMO9000130,0,Essar Shipping,Mumbai,False,DERIVED_DG_SHIPPING_2022_23
V131,IN-RO_-131,ro_ro,India,2015,3488,4651,24.3,837,21.9,"[""HFO"", ""MGO"", ""LNG""]",IMO9000131,0,Shreyas Shipping,Tuticorin,False,DERIVED_DG_SHIPPING_2022_23
V132,IN-RO_-132,ro_ro,India,2019,6545,8727,30.0,1570,19.4,"[""HFO"", ""MGO"", ""LNG""]",IMO9000132,0,Shreyas Shipping,Mumbai,False,DERIVED_DG_SHIPPING_2022_23
V133,IN-RO_-133,ro_ro,India,2012,8635,11514,32.8,2072,17.8,"[""HFO"", ""MGO"", ""LNG""]",IMO9000133,0,Shreyas Shipping,Kochi,False,DERIVED_DG_SHIPPING_2022_23
V134,IN-RO_-134,ro_ro,India,2017,6632,8843,30.1,1591,21.6,"[""HFO"", ""MGO"", ""LNG""]",IMO9000134,0,SCI,Mumbai,False,DERIVED_DG_SHIPPING_2022_23
V135,IN-RO_-135,ro_ro,India,2021,5681,7575,28.6,1363,18.4,"[""HFO"", ""MGO"", ""LNG""]",IMO9000135,0,Shreyas Shipping,Mumbai,False,DERIVED_DG_SHIPPING_2022_23
V136,IN-RO_-136,ro_ro,India,2007,3154,4206,23.5,757,17.7,"[""HFO"", ""MGO"", ""LNG""]",IMO9000136,0,SCI,Visakhapatnam,False,DERIVED_DG_SHIPPING_2022_23
V137,IN-RO_-137,ro_ro,India,2012,5138,6851,27.7,1233,19.7,"[""HFO"", ""MGO"", ""LNG""]",IMO9000137,0,APSEZ,Port_Blair,False,DERIVED_DG_SHIPPING_2022_23
V138,IN-RO_-138,ro_ro,India,2012,5009,6679,27.4,1202,17.3,"[""HFO"", ""MGO"", ""LNG""]",IMO9000138,0,Adani Ports,Tuticorin,False,DERIVED_DG_SHIPPING_2022_23
V139,IN-PAS-139,passenger,India,2010,1701,2268,19.2,567,18.4,"[""MGO"", ""LNG"", ""Hydrogen""]",IMO9000139,0,Shreyas Shipping,Kochi,True,DERIVED_DG_SHIPPING_2022_23
V140,IN-PAS-140,passenger,India,2013,1426,1902,18.1,475,23.7,"[""MGO"", ""LNG"", ""Hydrogen""]",IMO9000140,0,Essar Shipping,Tuticorin,True,DERIVED_DG_SHIPPING_2022_23
V141,IN-PAS-141,passenger,India,2015,2856,3808,22.8,952,24.5,"[""MGO"", ""LNG"", ""Hydrogen""]",IMO9000141,0,APSEZ,Kamarajar,True,DERIVED_DG_SHIPPING_2022_23
V142,IN-PAS-142,passenger,India,2010,3111,4149,23.4,1037,23.5,"[""MGO"", ""LNG"", ""Hydrogen""]",IMO9000142,0,SCI,Kandla,True,DERIVED_DG_SHIPPING_2022_23
V143,IN-PAS-143,passenger,India,2022,2628,3504,22.2,876,21.6,"[""MGO"", ""LNG"", ""Hydrogen""]",IMO9000143,0,Shreyas Shipping,Mormugao,True,DERIVED_DG_SHIPPING_2022_23
V144,IN-PAS-144,passenger,India,2018,3408,4545,24.2,1136,27.2,"[""MGO"", ""LNG"", ""Hydrogen""]",IMO9000144,0,Adani Ports,Kochi,True,DERIVED_DG_SHIPPING_2022_23
V145,IN-PAS-145,passenger,India,2009,2310,3081,21.3,770,26.0,"[""MGO"", ""LNG"", ""Hydrogen""]",IMO9000145,0,Essar Shipping,Kochi,True,DERIVED_DG_SHIPPING_2022_23
V146,IN-FER-146,ferry,India,2020,1301,1735,17.6,381,14.9,"[""MGO"", ""LNG"", ""Hydrogen"", ""Shore_Power""]",IMO9000146,0,SCI,JNPA,True,DERIVED_DG_SHIPPING_2022_23
V147,IN-FER-147,ferry,India,2006,1953,2604,20.1,572,14.4,"[""MGO"", ""LNG"", ""Hydrogen"", ""Shore_Power""]",IMO9000147,0,Essar Shipping,Tuticorin,True,DERIVED_DG_SHIPPING_2022_23
V148,IN-FER-148,ferry,India,2011,699,932,14.3,205,16.5,"[""MGO"", ""LNG"", ""Hydrogen"", ""Shore_Power""]",IMO9000148,0,SCI,New Mangalore,True,DERIVED_DG_SHIPPING_2022_23
V149,IN-FER-149,ferry,India,2017,402,536,11.9,117,20.6,"[""MGO"", ""LNG"", ""Hydrogen"", ""Shore_Power""]",IMO9000149,0,Adani Ports,Kandla,True,DERIVED_DG_SHIPPING_2022_23
V150,IN-FER-150,ferry,India,2011,663,884,14.1,194,18.8,"[""MGO"", ""LNG"", ""Hydrogen"", ""Shore_Power""]",IMO9000150,0,APSEZ,Mumbai,True,DERIVED_DG_SHIPPING_2022_23
