zone_id,year,month,season,wave_height_m,wind_speed_knots,wind_direction_deg,sea_surface_temp_c,visibility_km,data_source
Arabian_Sea_North,2015,1,Winter,0.71,9.3,351,28.4,13.3,DERIVED_INCOIS_IMD_CLIMATOLOGY
Arabian_Sea_North,2016,1,Winter,1.0,14.1,108,31.2,5.0,DERIVED_INCOIS_IMD_CLIMATOLOGY
Arabian_Sea_North,2017,1,Winter,0.94,8.4,10,28.6,20.6,DERIVED_INCOIS_IMD_CLIMATOLOGY
Arabian_Sea_North,2018,1,Winter,0.69,11.7,119,27.9,9.8,DERIVED_INCOIS_IMD_CLIMATOLOGY
Arabian_Sea_North,2019,1,Winter,0.55,9.2,120,28.0,23.6,DERIVED_INCOIS_IMD_CLIMATOLOGY
Arabian_Sea_North,2020,1,Winter,0.66,8.6,82,30.3,8.0,DERIVED_INCOIS_IMD_CLIMATOLOGY
Arabian_Sea_North,2021,1,Winter,1.16,11.4,7,26.1,8.8,DERIVED_INCOIS_IMD_CLIMATOLOGY
Arabian_Sea_North,2022,1,Winter,1.24,7.1,330,29.7,9.8,DERIVED_INCOIS_IMD_CLIMATOLOGY
Arabian_Sea_North,2023,1,Winter,1.36,8.9,247,26.0,22.1,DERIVED_INCOIS_IMD_CLIMATOLOGY
Arabian_Sea_North,2015,2,Winter,1.54,13.5,305,30.6,22.1,DERIVED_INCOIS_IMD_CLIMATOLOGY
Arabian_Sea_North,2016,2,Winter,1.0,11.1,200,29.6,24.7,DERIVED_INCOIS_IMD_CLIMATOLOGY
Arabian_Sea_North,2017,2,Winter,1.34,9.2,163,27.9,21.0,DERIVED_INCOIS_IMD_CLIMATOLOGY
Arabian_Sea_North,2018,2,Winter,1.13,15.7,185,27.9,6.6,DERIVED_INCOIS_IMD_CLIMATOLOGY
Arabian_Sea_North,2019,2,Winter,1.1,6.6,149,26.1,8.3,DERIVED_INCOIS_IMD_CLIMATOLOGY
Arabian_Sea_North,2020,2,Winter,0.62,17.0,108,27.9,22.8,DERIVED_INCOIS_IMD_CLIMATOLOGY
Arabian_Sea_North,2021,2,Winter,1.41,12.0,265,26.9,18.9,DERIVED_INCOIS_IMD_CLIMATOLOGY
Arabian_Sea_North,2022,2,Winter,1.12,12.2,43,26.0,5.3,DERIVED_INCOIS_IMD_CLIMATOLOGY
Arabian_Sea_North,2023,2,Winter,1.54,14.7,357,26.8,22.9,DERIVED_INCOIS_IMD_CLIMATOLOGY
Arabian_Sea_North,2015,3,PreMonsoon,1.52,14.2,59,27.6,6.0,DERIVED_INCOIS_IMD_CLIMATOLOGY
Arabian_Sea_North,2016,3,PreMonsoon,1.0,17.0,223,30.0,21.7,DERIVED_INCOIS_IMD_CLIMATOLOGY
Arabian_Sea_North,2017,3,PreMonsoon,1.45,19.0,56,31.2,10.1,DERIVED_INCOIS_IMD_CLIMATOLOGY
Arabian_Sea_North,2018,3,PreMonsoon,1.16,10.7,83,28.4,18.6,DERIVED_INCOIS_IMD_CLIMATOLOGY
Arabian_Sea_North,2019,3,PreMonsoon,2.01,19.4,96,31.9,13.4,DERIVED_INCOIS_IMD_CLIMATOLOGY
Arabian_Sea_North,2020,3,PreMonsoon,1.59,14.2,273,30.8,15.4,DERIVED_INCOIS_IMD_CLIMATOLOGY
Arabian_Sea_North,2021,3,PreMonsoon,1.3,12.5,277,28.4,18.7,DERIVED_INCOIS_IMD_CLIMATOLOGY
Arabian_Sea_North,2022,3,PreMonsoon,1.61,10.4,320,27.1,9.0,DERIVED_INCOIS_IMD_CLIMATOLOGY
Arabian_Sea_North,2023,3,PreMonsoon,1.04,6.5,316,31.3,12.6,DERIVED_INCOIS_IMD_CLIMATOLOGY
Arabian_Sea_North,2015,4,PreMonsoon,1.45,19.9,264,30.4,20.7,DERIVED_INCOIS_IMD_CLIMATOLOGY
Arabian_Sea_North,2016,4,PreMonsoon,2.12,10.5,280,31.2,21.0,DERIVED_INCOIS_IMD_CLIMATOLOGY
Arabian_Sea_North,2017,4,PreMonsoon,1.37,20.7,325,30.5,5.5,DERIVED_INCOIS_IMD_CLIMATOLOGY
Arabian_Sea_North,2018,4,PreMonsoon,2.26,15.1,289,31.3,12.9,DERIVED_INCOIS_IMD_CLIMATOLOGY
Arabian_Sea_North,2019,4,PreMonsoon,1.65,27.7,258,29.5,13.2,DERIVED_INCOIS_IMD_CLIMATOLOGY
Arabian_Sea_North,2020,4,PreMonsoon,1.89,13.6,181,27.2,12.5,DERIVED_INCOIS_IMD_CLIMATOLOGY
Arabian_Sea_North,2021,4,PreMonsoon,1.61,15.1,168,27.0,18.7,DERIVED_INCOIS_IMD_CLIMATOLOGY
Arabian_Sea_North,2022,4,PreMonsoon,0.73,17.7,261,26.6,20.1,DERIVED_INCOIS_IMD_CLIMATOLOGY
Arabian_Sea_North,2023,4,PreMonsoon,1.53,12.2,87,27.2,8.7,DERIVED_INCOIS_IMD_CLIMATOLOGY
Arabian_Sea_North,2015,5,PreMonsoon,1.34,12.7,163,26.3,14.6,DERIVED_INCOIS_IMD_CLIMATOLOGY
Arabian_Sea_North,2016,5,PreMonsoon,1.79,15.3,93,29.0,7.2,DERIVED_INCOIS_IMD_CLIMATOLOGY
Arabian_Sea_North,2017,5,PreMonsoon,1.5,14.1,112,31.3,23.0,DERIVED_INCOIS_IMD_CLIMATOLOGY
Arabian_Sea_North,2018,5,PreMonsoon,1.88,10.6,275,31.7,6.4,DERIVED_INCOIS_IMD_CLIMATOLOGY
Arabian_Sea_North,2019,5,PreMonsoon,1.62,20.0,80,26.6,21.9,DERIVED_INCOIS_IMD_CLIMATOLOGY
Arabian_Sea_North,2020,5,PreMonsoon,1.17,12.8,199,27.0,10.1,DERIVED_INCOIS_IMD_CLIMATOLOGY
Arabian_Sea_North,2021,5,PreMonsoon,1.38,19.2,134,30.4,10.9,DERIVED_INCOIS_IMD_CLIMATOLOGY
Arabian_Sea_North,2022,5,PreMonsoon,0.89,16.6,210,30.6,20.4,DERIVED_INCOIS_IMD_CLIMATOLOGY
Arabian_Sea_North,2023,5,PreMonsoon,2.14,12.5,147,31.4,7.0,DERIVED_INCOIS_IMD_CLIMATOLOGY
Arabian_Sea_North,2015,6,Monsoon,3.26,17.5,43,27.1,13.3,DERIVED_INCOIS_IMD_CLIMATOLOGY
Arabian_Sea_North,2016,6,Monsoon,3.64,20.3,316,31.1,22.5,DERIVED_INCOIS_IMD_CLIMATOLOGY
Arabian_Sea_North,2017,6,Monsoon,2.43,27.2,255,27.5,9.9,DERIVED_INCOIS_IMD_CLIMATOLOGY
Arabian_Sea_North,2018,6,Monsoon,2.95,18.8,26,30.7,15.4,DERIVED_INCOIS_IMD_CLIMATOLOGY
Arabian_Sea_North,2019,6,Monsoon,4.71,23.0,319,29.2,13.7,DERIVED_INCOIS_IMD_CLIMATOLOGY
Arabian_Sea_North,2020,6,Monsoon,3.26,24.0,65,28.9,24.1,DERIVED_INCOIS_IMD_CLIMATOLOGY
Arabian_Sea_North,2021,6,Monsoon,3.45,27.5,342,27.2,10.1,DERIVED_INCOIS_IMD_CLIMATOLOGY
Arabian_Sea_North,2022,6,Monsoon,3.95,29.2,56,27.9,17.2,DERIVED_INCOIS_IMD_CLIMATOLOGY
Arabian_Sea_North,2023,6,Monsoon,4.16,25.7,330,29.2,8.7,DERIVED_INCOIS_IMD_CLIMATOLOGY
Arabian_Sea_North,2015,7,Monsoon,0.86,26.3,294,28.8,8.1,DERIVED_INCOIS_IMD_CLIMATOLOGY
Arabian_Sea_North,2016,7,Monsoon,3.58,17.0,266,26.3,11.8,DERIVED_INCOIS_IMD_CLIMATOLOGY
Arabian_Sea_North,2017,7,Monsoon,2.81,37.5,19,30.8,9.2,DERIVED_INCOIS_IMD_CLIMATOLOGY
Arabian_Sea_North,2018,7,Monsoon,3.3,18.0,270,29.8,5.0,DERIVED_INCOIS_IMD_CLIMATOLOGY
Arabian_Sea_North,2019,7,Monsoon,2.11,22.5,316,28.7,7.6,DERIVED_INCOIS_IMD_CLIMATOLOGY
Arabian_Sea_North,2020,7,Monsoon,2.97,23.4,22,28.4,23.4,DERIVED_INCOIS_IMD_CLIMATOLOGY
Arabian_Sea_North,2021,7,Monsoon,2.4,17.8,259,30.0,17.0,DERIVED_INCOIS_IMD_CLIMATOLOGY
Arabian_Sea_North,2022,7,Monsoon,3.56,26.8,165,28.1,8.5,DERIVED_INCOIS_IMD_CLIMATOLOGY
Arabian_Sea_North,2023,7,Monsoon,3.79,26.2,210,28.7,22.8,DERIVED_INCOIS_IMD_CLIMATOLOGY
Arabian_Sea_North,2015,8,Monsoon,2.96,21.1,14,27.8,24.0,DERIVED_INCOIS_IMD_CLIMATOLOGY
Arabian_Sea_North,2016,8,Monsoon,4.64,31.9,141,29.4,19.4,DERIVED_INCOIS_IMD_CLIMATOLOGY
Arabian_Sea_North,2017,8,Monsoon,3.3,24.8,145,28.5,17.9,DERIVED_INCOIS_IMD_CLIMATOLOGY
Arabian_Sea_North,2018,8,Monsoon,2.62,21.5,167,26.8,6.8,DERIVED_INCOIS_IMD_CLIMATOLOGY
Arabian_Sea_North,2019,8,Monsoon,3.74,21.8,158,30.0,5.4,DERIVED_INCOIS_IMD_CLIMATOLOGY
Arabian_Sea_North,2020,8,Monsoon,2.21,32.7,58,31.2,9.9,DERIVED_INCOIS_IMD_CLIMATOLOGY
Arabian_Sea_North,2021,8,Monsoon,2.38,24.3,280,27.7,7.8,DERIVED_INCOIS_IMD_CLIMATOLOGY
Arabian_Sea_North,2022,8,Monsoon,3.7,26.0,329,27.2,15.8,DERIVED_INCOIS_IMD_CLIMATOLOGY
Arabian_Sea_North,2023,8,Monsoon,1.51,21.8,327,29.7,10.1,DERIVED_INCOIS_IMD_CLIMATOLOGY
Arabian_Sea_North,2015,9,Monsoon,3.2,30.3,258,28.4,18.7,DERIVED_INCOIS_IMD_CLIMATOLOGY
Arabian_Sea_North,2016,9,Monsoon,3.59,20.8,351,31.3,17.2,DERIVED_INCOIS_IMD_CLIMATOLOGY
Arabian_Sea_North,2017,9,Monsoon,2.75,28.8,305,27.9,15.9,DERIVED_INCOIS_IMD_CLIMATOLOGY
Arabian_Sea_North,2018,9,Monsoon,3.76,24.6,307,28.0,9.9,DERIVED_INCOIS_IMD_CLIMATOLOGY
Arabian_Sea_North,2019,9,Monsoon,2.77,27.3,113,31.9,19.9,DERIVED_INCOIS_IMD_CLIMATOLOGY
Arabian_Sea_North,2020,9,Monsoon,3.04,24.7,303,28.9,14.1,DERIVED_INCOIS_IMD_CLIMATOLOGY
Arabian_Sea_North,2021,9,Monsoon,4.38,24.9,228,27.5,16.7,DERIVED_INCOIS_IMD_CLIMATOLOGY
Arabian_Sea_North,2022,9,Monsoon,3.08,32.7,104,30.9,22.2,DERIVED_INCOIS_IMD_CLIMATOLOGY
Arabian_Sea_North,2023,9,Monsoon,2.68,23.6,14,30.8,21.8,DERIVED_INCOIS_IMD_CLIMATOLOGY
Arabian_Sea_North,2015,10,PostMonsoon,1.76,15.2,121,26.7,12.8,DERIVED_INCOIS_IMD_CLIMATOLOGY
Arabian_Sea_North,2016,10,PostMonsoon,1.0,12.3,340,28.5,17.4,DERIVED_INCOIS_IMD_CLIMATOLOGY
Arabian_Sea_North,2017,10,PostMonsoon,1.51,21.7,55,26.4,7.8,DERIVED_INCOIS_IMD_CLIMATOLOGY
Arabian_Sea_North,2018,10,PostMonsoon,2.02,16.2,171,30.0,7.2,DERIVED_INCOIS_IMD_CLIMATOLOGY
Arabian_Sea_North,2019,10,PostMonsoon,1.03,18.6,318,28.5,16.0,DERIVED_INCOIS_IMD_CLIMATOLOGY
Arabian_Sea_North,2020,10,PostMonsoon,1.8,19.2,286,32.0,25.0,DERIVED_INCOIS_IMD_CLIMATOLOGY
Arabian_Sea_North,2021,10,PostMonsoon,1.77,22.3,234,30.4,24.5,DERIVED_INCOIS_IMD_CLIMATOLOGY
Arabian_Sea_North,2022,10,PostMonsoon,2.42,20.5,64,26.3,18.4,DERIVED_INCOIS_IMD_CLIMATOLOGY
Arabian_Sea_North,2023,10,PostMonsoon,1.25,18.8,152,31.0,21.4,DERIVED_INCOIS_IMD_CLIMATOLOGY
Arabian_Sea_North,2015,11,PostMonsoon,2.45,19.4,84,30.8,14.8,DERIVED_INCOIS_IMD_CLIMATOLOGY
Arabian_Sea_North,2016,11,PostMonsoon,1.68,16.4,269,31.3,6.9,DERIVED_INCOIS_IMD_CLIMATOLOGY
Arabian_Sea_North,2017,11,PostMonsoon,1.62,17.4,101,26.3,5.0,DERIVED_INCOIS_IMD_CLIMATOLOGY
Arabian_Sea_North,2018,11,PostMonsoon,1.43,15.1,24,26.2,18.0,DERIVED_INCOIS_IMD_CLIMATOLOGY
Arabian_Sea_North,2019,11,PostMonsoon,2.69,15.6,9,31.2,21.5,DERIVED_INCOIS_IMD_CLIMATOLOGY
Arabian_Sea_North,2020,11,PostMonsoon,1.67,13.3,52,26.6,12.9,DERIVED_INCOIS_IMD_CLIMATOLOGY
Arabian_Sea_North,2021,11,PostMonsoon,2.44,16.2,117,29.0,20.0,DERIVED_INCOIS_IMD_CLIMATOLOGY
Arabian_Sea_North,2022,11,PostMonsoon,2.66,6.7,270,27.3,9.2,DERIVED_INCOIS_IMD_CLIMATOLOGY
Arabian_Sea_North,2023,11,PostMonsoon,1.81,18.8,273,27.1,8.5,DERIVED_INCOIS_IMD_CLIMATOLOGY
Arabian_Sea_North,2015,12,Winter,1.31,12.6,30,31.9,7.7,DERIVED_INCOIS_IMD_CLIMATOLOGY
Arabian_Sea_North,2016,12,Winter,0.83,14.1,330,31.3,24.5,DERIVED_INCOIS_IMD_CLIMATOLOGY
Arabian_Sea_North,2017,12,Winter,0.3,7.7,141,27.3,18.1,DERIVED_INCOIS_IMD_CLIMATOLOGY
Arabian_Sea_North,2018,12,Winter,0.92,7.5,2,29.3,21.6,DERIVED_INCOIS_IMD_CLIMATOLOGY
Arabian_Sea_North,2019,12,Winter,1.54,10.8,203,26.3,17.0,DERIVED_INCOIS_IMD_CLIMATOLOGY
Arabian_Sea_North,2020,12,Winter,0.43,11.6,103,30.5,21.5,DERIVED_INCOIS_IMD_CLIMATOLOGY
Arabian_Sea_North,2021,12,Winter,0.77,12.4,150,27.6,15.4,DERIVED_INCOIS_IMD_CLIMATOLOGY
Arabian_Sea_North,2022,12,Winter,0.6,14.6,230,26.4,5.0,DERIVED_INCOIS_IMD_CLIMATOLOGY
Arabian_Sea_North,2023,12,Winter,0.59,11.1,243,29.9,8.4,DERIVED_INCOIS_IMD_CLIMATOLOGY
Arabian_Sea_South,2015,1,Winter,0.96,16.6,298,31.6,6.2,DERIVED_INCOIS_IMD_CLIMATOLOGY
Arabian_Sea_South,2016,1,Winter,1.58,17.9,171,27.2,18.6,DERIVED_INCOIS_IMD_CLIMATOLOGY
Arabian_Sea_South,2017,1,Winter,1.45,8.8,149,28.5,8.5,DERIVED_INCOIS_IMD_CLIMATOLOGY
Arabian_Sea_South,2018,1,Winter,0.97,10.0,74,27.9,12.2,DERIVED_INCOIS_IMD_CLIMATOLOGY
Arabian_Sea_South,2019,1,Winter,0.74,18.8,123,29.7,9.1,DERIVED_INCOIS_IMD_CLIMATOLOGY
Arabian_Sea_South,2020,1,Winter,0.94,9.9,95,26.6,7.1,DERIVED_INCOIS_IMD_CLIMATOLOGY
Arabian_Sea_South,2021,1,Winter,0.46,5.3,146,31.1,20.1,DERIVED_INCOIS_IMD_CLIMATOLOGY
Arabian_Sea_South,2022,1,Winter,1.39,13.2,43,32.0,5.9,DERIVED_INCOIS_IMD_CLIMATOLOGY
Arabian_Sea_South,2023,1,Winter,1.16,14.2,168,29.5,21.1,DERIVED_INCOIS_IMD_CLIMATOLOGY
Arabian_Sea_South,2015,2,Winter,0.84,8.6,341,29.0,14.9,DERIVED_INCOIS_IMD_CLIMATOLOGY
Arabian_Sea_South,2016,2,Winter,0.31,12.3,289,29.5,7.6,DERIVED_INCOIS_IMD_CLIMATOLOGY
Arabian_Sea_South,2017,2,Winter,1.17,13.9,143,26.6,22.3,DERIVED_INCOIS_IMD_CLIMATOLOGY
Arabian_Sea_South,2018,2,Winter,0.7,17.1,240,28.6,17.7,DERIVED_INCOIS_IMD_CLIMATOLOGY
Arabian_Sea_South,2019,2,Winter,0.88,6.6,147,28.3,11.6,DERIVED_INCOIS_IMD_CLIMATOLOGY
Arabian_Sea_South,2020,2,Winter,1.29,16.6,138,30.0,16.1,DERIVED_INCOIS_IMD_CLIMATOLOGY
Arabian_Sea_South,2021,2,Winter,0.81,14.3,166,28.3,6.9,DERIVED_INCOIS_IMD_CLIMATOLOGY
Arabian_Sea_South,2022,2,Winter,0.86,15.0,348,27.3,16.3,DERIVED_INCOIS_IMD_CLIMATOLOGY
Arabian_Sea_South,2023,2,Winter,0.99,11.7,140,31.0,23.6,DERIVED_INCOIS_IMD_CLIMATOLOGY
Arabian_Sea_South,2015,3,PreMonsoon,1.76,17.4,357,31.7,12.8,DERIVED_INCOIS_IMD_CLIMATOLOGY
Arabian_Sea_South,2016,3,PreMonsoon,1.65,12.5,18,26.0,5.8,DERIVED_INCOIS_IMD_CLIMATOLOGY
Arabian_Sea_South,2017,3,PreMonsoon,2.15,16.5,29,30.5,22.0,DERIVED_INCOIS_IMD_CLIMATOLOGY
Arabian_Sea_South,2018,3,PreMonsoon,0.69,18.2,9,26.0,20.7,DERIVED_INCOIS_IMD_CLIMATOLOGY
Arabian_Sea_South,2019,3,PreMonsoon,0.97,14.9,355,29.4,10.4,DERIVED_INCOIS_IMD_CLIMATOLOGY
Arabian_Sea_South,2020,3,PreMonsoon,1.32,13.4,134,29.0,15.7,DERIVED_INCOIS_IMD_CLIMATOLOGY
Arabian_Sea_South,2021,3,PreMonsoon,1.84,8.7,285,27.1,16.9,DERIVED_INCOIS_IMD_CLIMATOLOGY
Arabian_Sea_South,2022,3,PreMonsoon,1.52,6.7,308,30.9,14.6,DERIVED_INCOIS_IMD_CLIMATOLOGY
Arabian_Sea_South,2023,3,PreMonsoon,1.4,5.1,262,28.5,12.4,DERIVED_INCOIS_IMD_CLIMATOLOGY
Arabian_Sea_South,2015,4,PreMonsoon,1.36,10.3,218,30.8,21.8,DERIVED_INCOIS_IMD_CLIMATOLOGY
Arabian_Sea_South,2016,4,PreMonsoon,1.66,17.3,262,26.1,15.4,DERIVED_INCOIS_IMD_CLIMATOLOGY
Arabian_Sea_South,2017,4,PreMonsoon,0.91,19.8,314,27.0,18.4,DERIVED_INCOIS_IMD_CLIMATOLOGY
Arabian_Sea_South,2018,4,PreMonsoon,1.49,8.7,49,28.8,15.4,DERIVED_INCOIS_IMD_CLIMATOLOGY
Arabian_Sea_South,2019,4,PreMonsoon,0.86,14.5,14,27.1,11.9,DERIVED_INCOIS_IMD_CLIMATOLOGY
Arabian_Sea_South,2020,4,PreMonsoon,1.07,18.5,71,30.9,24.5,DERIVED_INCOIS_IMD_CLIMATOLOGY
Arabian_Sea_South,2021,4,PreMonsoon,1.69,17.6,145,31.2,17.7,DERIVED_INCOIS_IMD_CLIMATOLOGY
Arabian_Sea_South,2022,4,PreMonsoon,1.18,16.7,131,29.2,24.9,DERIVED_INCOIS_IMD_CLIMATOLOGY
Arabian_Sea_South,2023,4,PreMonsoon,2.42,16.3,12,30.2,11.0,DERIVED_INCOIS_IMD_CLIMATOLOGY
Arabian_Sea_South,2015,5,PreMonsoon,1.46,14.0,111,31.0,7.4,DERIVED_INCOIS_IMD_CLIMATOLOGY
Arabian_Sea_South,2016,5,PreMonsoon,1.79,22.7,336,26.9,15.7,DERIVED_INCOIS_IMD_CLIMATOLOGY
Arabian_Sea_South,2017,5,PreMonsoon,1.3,13.4,254,28.7,6.3,DERIVED_INCOIS_IMD_CLIMATOLOGY
Arabian_Sea_South,2018,5,PreMonsoon,0.81,18.4,143,27.1,10.7,DERIVED_INCOIS_IMD_CLIMATOLOGY
Arabian_Sea_South,2019,5,PreMonsoon,1.05,20.3,242,30.2,21.6,DERIVED_INCOIS_IMD_CLIMATOLOGY
Arabian_Sea_South,2020,5,PreMonsoon,1.83,16.6,312,31.7,7.5,DERIVED_INCOIS_IMD_CLIMATOLOGY
Arabian_Sea_South,2021,5,PreMonsoon,1.65,17.2,139,31.4,24.4,DERIVED_INCOIS_IMD_CLIMATOLOGY
Arabian_Sea_South,2022,5,PreMonsoon,1.99,3.5,195,28.7,12.7,DERIVED_INCOIS_IMD_CLIMATOLOGY
Arabian_Sea_South,2023,5,PreMonsoon,0.8,15.4,41,26.5,20.6,DERIVED_INCOIS_IMD_CLIMATOLOGY
Arabian_Sea_South,2015,6,Monsoon,2.47,20.0,32,29.7,5.7,DERIVED_INCOIS_IMD_CLIMATOLOGY
Arabian_Sea_South,2016,6,Monsoon,3.57,12.8,101,27.3,15.3,DERIVED_INCOIS_IMD_CLIMATOLOGY
Arabian_Sea_South,2017,6,Monsoon,3.66,15.5,351,27.4,6.0,DERIVED_INCOIS_IMD_CLIMATOLOGY
Arabian_Sea_South,2018,6,Monsoon,3.04,21.1,53,29.4,23.2,DERIVED_INCOIS_IMD_CLIMATOLOGY
Arabian_Sea_South,2019,6,Monsoon,3.72,23.9,70,27.2,21.0,DERIVED_INCOIS_IMD_CLIMATOLOGY
Arabian_Sea_South,2020,6,Monsoon,4.98,14.6,224,28.1,6.8,DERIVED_INCOIS_IMD_CLIMATOLOGY
Arabian_Sea_South,2021,6,Monsoon,4.98,30.0,341,31.7,12.6,DERIVED_INCOIS_IMD_CLIMATOLOGY
Arabian_Sea_South,2022,6,Monsoon,3.03,22.7,152,27.9,18.1,DERIVED_INCOIS_IMD_CLIMATOLOGY
Arabian_Sea_South,2023,6,Monsoon,2.47,28.9,65,27.4,19.4,DERIVED_INCOIS_IMD_CLIMATOLOGY
Arabian_Sea_South,2015,7,Monsoon,3.8,22.4,274,26.6,15.0,DERIVED_INCOIS_IMD_CLIMATOLOGY
Arabian_Sea_South,2016,7,Monsoon,3.39,23.5,67,28.6,24.9,DERIVED_INCOIS_IMD_CLIMATOLOGY
Arabian_Sea_South,2017,7,Monsoon,2.2,30.7,331,26.4,16.9,DERIVED_INCOIS_IMD_CLIMATOLOGY
Arabian_Sea_South,2018,7,Monsoon,4.35,23.1,151,26.3,24.6,DERIVED_INCOIS_IMD_CLIMATOLOGY
Arabian_Sea_South,2019,7,Monsoon,4.41,22.2,101,26.4,21.4,DERIVED_INCOIS_IMD_CLIMATOLOGY
Arabian_Sea_South,2020,7,Monsoon,3.12,21.6,171,28.6,17.8,DERIVED_INCOIS_IMD_CLIMATOLOGY
Arabian_Sea_South,2021,7,Monsoon,5.04,24.5,108,30.0,18.4,DERIVED_INCOIS_IMD_CLIMATOLOGY
Arabian_Sea_South,2022,7,Monsoon,2.62,18.9,125,28.6,21.2,DERIVED_INCOIS_IMD_CLIMATOLOGY
Arabian_Sea_South,2023,7,Monsoon,3.23,16.3,176,27.3,19.9,DERIVED_INCOIS_IMD_CLIMATOLOGY
Arabian_Sea_South,2015,8,Monsoon,3.29,30.8,165,29.8,19.9,DERIVED_INCOIS_IMD_CLIMATOLOGY
Arabian_Sea_South,2016,8,Monsoon,3.05,23.0,202,31.7,8.1,DERIVED_INCOIS_IMD_CLIMATOLOGY
Arabian_Sea_South,2017,8,Monsoon,4.56,26.7,39,29.2,22.7,DERIVED_INCOIS_IMD_CLIMATOLOGY
Arabian_Sea_South,2018,8,Monsoon,3.46,28.7,301,28.1,14.6,DERIVED_INCOIS_IMD_CLIMATOLOGY
Arabian_Sea_South,2019,8,Monsoon,3.46,25.1,63,27.8,7.5,DERIVED_INCOIS_IMD_CLIMATOLOGY
Arabian_Sea_South,2020,8,Monsoon,2.7,17.6,53,28.9,20.6,DERIVED_INCOIS_IMD_CLIMATOLOGY
Arabian_Sea_South,2021,8,Monsoon,2.28,28.3,25,28.7,21.4,DERIVED_INCOIS_IMD_CLIMATOLOGY
Arabian_Sea_South,2022,8,Monsoon,2.7,32.0,65,28.8,12.8,DERIVED_INCOIS_IMD_CLIMATOLOGY
Arabian_Sea_South,2023,8,Monsoon,1.51,23.7,63,27.9,10.5,DERIVED_INCOIS_IMD_CLIMATOLOGY
Arabian_Sea_South,2015,9,Monsoon,3.25,27.3,252,28.2,9.7,DERIVED_INCOIS_IMD_CLIMATOLOGY
Arabian_Sea_South,2016,9,Monsoon,3.37,19.7,109,29.0,17.9,DERIVED_INCOIS_IMD_CLIMATOLOGY
Arabian_Sea_South,2017,9,Monsoon,1.65,16.4,169,31.3,23.2,DERIVED_INCOIS_IMD_CLIMATOLOGY
Arabian_Sea_South,2018,9,Monsoon,2.86,30.5,220,26.5,5.3,DERIVED_INCOIS_IMD_CLIMATOLOGY
Arabian_Sea_South,2019,9,Monsoon,1.49,27.7,177,29.4,16.0,DERIVED_INCOIS_IMD_CLIMATOLOGY
Arabian_Sea_South,2020,9,Monsoon,2.27,36.1,146,27.4,20.9,DERIVED_INCOIS_IMD_CLIMATOLOGY
Arabian_Sea_South,2021,9,Monsoon,1.85,18.4,240,31.3,11.3,DERIVED_INCOIS_IMD_CLIMATOLOGY
Arabian_Sea_South,2022,9,Monsoon,3.39,23.4,314,29.6,23.8,DERIVED_INCOIS_IMD_CLIMATOLOGY
Arabian_Sea_South,2023,9,Monsoon,1.78,19.2,221,27.0,8.9,DERIVED_INCOIS_IMD_CLIMATOLOGY
Arabian_Sea_South,2015,10,PostMonsoon,1.44,13.7,106,28.4,21.7,DERIVED_INCOIS_IMD_CLIMATOLOGY
Arabian_Sea_South,2016,10,PostMonsoon,1.49,13.1,266,30.9,10.3,DERIVED_INCOIS_IMD_CLIMATOLOGY
Arabian_Sea_South,2017,10,PostMonsoon,1.6,16.6,63,30.1,21.3,DERIVED_INCOIS_IMD_CLIMATOLOGY
Arabian_Sea_South,2018,10,PostMonsoon,1.33,13.5,123,27.6,13.6,DERIVED_INCOIS_IMD_CLIMATOLOGY
Arabian_Sea_South,2019,10,PostMonsoon,1.01,16.1,347,30.7,20.4,DERIVED_INCOIS_IMD_CLIMATOLOGY
Arabian_Sea_South,2020,10,PostMonsoon,1.79,10.2,302,26.0,16.4,DERIVED_INCOIS_IMD_CLIMATOLOGY
Arabian_Sea_South,2021,10,PostMonsoon,0.69,17.4,76,27.2,15.4,DERIVED_INCOIS_IMD_CLIMATOLOGY
Arabian_Sea_South,2022,10,PostMonsoon,2.08,13.2,50,30.5,12.4,DERIVED_INCOIS_IMD_CLIMATOLOGY
Arabian_Sea_South,2023,10,PostMonsoon,2.27,12.1,142,28.5,14.6,DERIVED_INCOIS_IMD_CLIMATOLOGY
Arabian_Sea_South,2015,11,PostMonsoon,1.1,15.3,265,31.9,13.2,DERIVED_INCOIS_IMD_CLIMATOLOGY
Arabian_Sea_South,2016,11,PostMonsoon,1.96,17.0,248,27.5,19.6,DERIVED_INCOIS_IMD_CLIMATOLOGY
Arabian_Sea_South,2017,11,PostMonsoon,1.77,20.5,149,27.2,8.7,DERIVED_INCOIS_IMD_CLIMATOLOGY
Arabian_Sea_South,2018,11,PostMonsoon,2.48,18.0,168,30.8,23.2,DERIVED_INCOIS_IMD_CLIMATOLOGY
Arabian_Sea_South,2019,11,PostMonsoon,1.61,17.2,216,27.5,7.7,DERIVED_INCOIS_IMD_CLIMATOLOGY
Arabian_Sea_South,2020,11,PostMonsoon,1.46,18.1,98,27.3,21.9,DERIVED_INCOIS_IMD_CLIMATOLOGY
Arabian_Sea_South,2021,11,PostMonsoon,1.96,13.0,30,29.8,20.7,DERIVED_INCOIS_IMD_CLIMATOLOGY
Arabian_Sea_South,2022,11,PostMonsoon,2.39,16.8,58,31.1,22.0,DERIVED_INCOIS_IMD_CLIMATOLOGY
Arabian_Sea_South,2023,11,PostMonsoon,2.6,17.5,308,27.8,17.4,DERIVED_INCOIS_IMD_CLIMATOLOGY
Arabian_Sea_South,2015,12,Winter,1.04,11.9,312,30.7,23.8,DERIVED_INCOIS_IMD_CLIMATOLOGY
Arabian_Sea_South,2016,12,Winter,0.47,14.9,20,29.2,19.9,DERIVED_INCOIS_IMD_CLIMATOLOGY
Arabian_Sea_South,2017,12,Winter,1.15,4.8,315,26.7,9.8,DERIVED_INCOIS_IMD_CLIMATOLOGY
Arabian_Sea_South,2018,12,Winter,1.02,11.6,181,28.4,20.7,DERIVED_INCOIS_IMD_CLIMATOLOGY
Arabian_Sea_South,2019,12,Winter,0.85,15.8,209,30.4,18.6,DERIVED_INCOIS_IMD_CLIMATOLOGY
Arabian_Sea_South,2020,12,Winter,0.93,7.3,121,31.8,19.4,DERIVED_INCOIS_IMD_CLIMATOLOGY
Arabian_Sea_South,2021,12,Winter,1.04,19.2,286,28.1,17.8,DERIVED_INCOIS_IMD_CLIMATOLOGY
Arabian_Sea_South,2022,12,Winter,1.54,15.6,79,28.5,22.5,DERIVED_INCOIS_IMD_CLIMATOLOGY
Arabian_Sea_South,2023,12,Winter,1.08,9.9,33,28.3,24.6,DERIVED_INCOIS_IMD_CLIMATOLOGY
Bay_of_Bengal_North,2015,1,Winter,1.04,13.4,89,28.0,17.1,DERIVED_INCOIS_IMD_CLIMATOLOGY
Bay_of_Bengal_North,2016,1,Winter,1.11,9.8,277,26.1,9.4,DERIVED_INCOIS_IMD_CLIMATOLOGY
Bay_of_Bengal_North,2017,1,Winter,0.69,10.4,217,26.3,12.0,DERIVED_INCOIS_IMD_CLIMATOLOGY
Bay_of_Bengal_North,2018,1,Winter,0.84,12.7,178,28.4,23.9,DERIVED_INCOIS_IMD_CLIMATOLOGY
Bay_of_Bengal_North,2019,1,Winter,0.84,7.3,188,30.5,22.7,DERIVED_INCOIS_IMD_CLIMATOLOGY
Bay_of_Bengal_North,2020,1,Winter,0.63,13.2,311,30.7,9.9,DERIVED_INCOIS_IMD_CLIMATOLOGY
Bay_of_Bengal_North,2021,1,Winter,0.48,12.6,122,30.3,17.7,DERIVED_INCOIS_IMD_CLIMATOLOGY
Bay_of_Bengal_North,2022,1,Winter,0.3,12.7,345,28.9,14.0,DERIVED_INCOIS_IMD_CLIMATOLOGY
Bay_of_Bengal_North,2023,1,Winter,1.08,15.1,6,30.9,12.0,DERIVED_INCOIS_IMD_CLIMATOLOGY
Bay_of_Bengal_North,2015,2,Winter,1.19,11.7,319,31.8,23.1,DERIVED_INCOIS_IMD_CLIMATOLOGY
Bay_of_Bengal_North,2016,2,Winter,0.82,10.4,298,27.3,6.8,DERIVED_INCOIS_IMD_CLIMATOLOGY
Bay_of_Bengal_North,2017,2,Winter,0.58,10.0,60,31.9,6.5,DERIVED_INCOIS_IMD_CLIMATOLOGY
Bay_of_Bengal_North,2018,2,Winter,1.03,9.2,264,30.6,17.6,DERIVED_INCOIS_IMD_CLIMATOLOGY
Bay_of_Bengal_North,2019,2,Winter,0.97,11.9,208,29.1,19.3,DERIVED_INCOIS_IMD_CLIMATOLOGY
Bay_of_Bengal_North,2020,2,Winter,0.85,14.7,60,27.0,20.9,DERIVED_INCOIS_IMD_CLIMATOLOGY
Bay_of_Bengal_North,2021,2,Winter,1.03,10.8,168,27.5,21.8,DERIVED_INCOIS_IMD_CLIMATOLOGY
Bay_of_Bengal_North,2022,2,Winter,0.61,14.0,232,26.5,20.3,DERIVED_INCOIS_IMD_CLIMATOLOGY
Bay_of_Bengal_North,2023,2,Winter,0.85,14.7,308,30.1,23.2,DERIVED_INCOIS_IMD_CLIMATOLOGY
Bay_of_Bengal_North,2015,3,PreMonsoon,1.24,12.7,89,29.3,17.4,DERIVED_INCOIS_IMD_CLIMATOLOGY
Bay_of_Bengal_North,2016,3,PreMonsoon,2.41,10.9,104,26.8,18.9,DERIVED_INCOIS_IMD_CLIMATOLOGY
Bay_of_Bengal_North,2017,3,PreMonsoon,1.19,12.5,219,28.7,13.2,DERIVED_INCOIS_IMD_CLIMATOLOGY
Bay_of_Bengal_North,2018,3,PreMonsoon,1.01,18.4,26,28.6,19.9,DERIVED_INCOIS_IMD_CLIMATOLOGY
Bay_of_Bengal_North,2019,3,PreMonsoon,1.32,15.3,345,29.0,17.4,DERIVED_INCOIS_IMD_CLIMATOLOGY
Bay_of_Bengal_North,2020,3,PreMonsoon,1.62,9.6,170,29.2,17.0,DERIVED_INCOIS_IMD_CLIMATOLOGY
Bay_of_Bengal_North,2021,3,PreMonsoon,2.08,18.2,147,28.9,23.4,DERIVED_INCOIS_IMD_CLIMATOLOGY
Bay_of_Bengal_North,2022,3,PreMonsoon,1.78,19.9,185,31.8,14.0,DERIVED_INCOIS_IMD_CLIMATOLOGY
Bay_of_Bengal_North,2023,3,PreMonsoon,1.62,19.1,51,26.0,13.6,DERIVED_INCOIS_IMD_CLIMATOLOGY
Bay_of_Bengal_North,2015,4,PreMonsoon,1.38,7.6,34,26.2,16.4,DERIVED_INCOIS_IMD_CLIMATOLOGY
Bay_of_Bengal_North,2016,4,PreMonsoon,1.44,12.7,348,29.8,11.5,DERIVED_INCOIS_IMD_CLIMATOLOGY
Bay_of_Bengal_North,2017,4,PreMonsoon,1.38,13.4,60,30.6,9.6,DERIVED_INCOIS_IMD_CLIMATOLOGY
Bay_of_Bengal_North,2018,4,PreMonsoon,1.69,15.0,56,31.1,25.0,DERIVED_INCOIS_IMD_CLIMATOLOGY
Bay_of_Bengal_North,2019,4,PreMonsoon,0.71,16.1,272,27.5,10.3,DERIVED_INCOIS_IMD_CLIMATOLOGY
Bay_of_Bengal_North,2020,4,PreMonsoon,1.32,17.7,3,29.2,17.8,DERIVED_INCOIS_IMD_CLIMATOLOGY
Bay_of_Bengal_North,2021,4,PreMonsoon,0.66,18.1,356,27.2,15.6,DERIVED_INCOIS_IMD_CLIMATOLOGY
Bay_of_Bengal_North,2022,4,PreMonsoon,1.15,17.7,337,31.9,24.7,DERIVED_INCOIS_IMD_CLIMATOLOGY
Bay_of_Bengal_North,2023,4,PreMonsoon,1.41,18.0,158,27.6,11.4,DERIVED_INCOIS_IMD_CLIMATOLOGY
Bay_of_Bengal_North,2015,5,PreMonsoon,1.67,17.3,62,29.8,13.2,DERIVED_INCOIS_IMD_CLIMATOLOGY
Bay_of_Bengal_North,2016,5,PreMonsoon,2.09,11.4,181,28.0,7.5,DERIVED_INCOIS_IMD_CLIMATOLOGY
Bay_of_Bengal_North,2017,5,PreMonsoon,1.85,9.0,354,27.4,20.2,DERIVED_INCOIS_IMD_CLIMATOLOGY
Bay_of_Bengal_North,2018,5,PreMonsoon,1.05,13.5,160,27.9,8.5,DERIVED_INCOIS_IMD_CLIMATOLOGY
Bay_of_Bengal_North,2019,5,PreMonsoon,1.59,13.8,247,26.3,16.6,DERIVED_INCOIS_IMD_CLIMATOLOGY
Bay_of_Bengal_North,2020,5,PreMonsoon,1.43,19.2,23,26.9,17.1,DERIVED_INCOIS_IMD_CLIMATOLOGY
Bay_of_Bengal_North,2021,5,PreMonsoon,1.76,10.7,137,30.8,22.9,DERIVED_INCOIS_IMD_CLIMATOLOGY
Bay_of_Bengal_North,2022,5,PreMonsoon,1.56,14.2,25,31.4,16.0,DERIVED_INCOIS_IMD_CLIMATOLOGY
Bay_of_Bengal_North,2023,5,PreMonsoon,1.59,18.5,290,30.3,17.0,DERIVED_INCOIS_IMD_CLIMATOLOGY
Bay_of_Bengal_North,2015,6,Monsoon,2.35,13.0,237,27.8,14.5,DERIVED_INCOIS_IMD_CLIMATOLOGY
Bay_of_Bengal_North,2016,6,Monsoon,4.34,14.2,264,28.1,19.2,DERIVED_INCOIS_IMD_CLIMATOLOGY
Bay_of_Bengal_North,2017,6,Monsoon,3.28,12.0,16,29.9,17.2,DERIVED_INCOIS_IMD_CLIMATOLOGY
Bay_of_Bengal_North,2018,6,Monsoon,3.36,14.6,79,26.6,14.5,DERIVED_INCOIS_IMD_CLIMATOLOGY
Bay_of_Bengal_North,2019,6,Monsoon,2.29,11.1,256,26.3,9.5,DERIVED_INCOIS_IMD_CLIMATOLOGY
Bay_of_Bengal_North,2020,6,Monsoon,1.96,26.7,29,30.9,23.5,DERIVED_INCOIS_IMD_CLIMATOLOGY
Bay_of_Bengal_North,2021,6,Monsoon,4.06,27.6,63,26.1,23.5,DERIVED_INCOIS_IMD_CLIMATOLOGY
Bay_of_Bengal_North,2022,6,Monsoon,2.27,24.2,314,31.8,23.1,DERIVED_INCOIS_IMD_CLIMATOLOGY
Bay_of_Bengal_North,2023,6,Monsoon,2.58,27.1,274,26.5,22.0,DERIVED_INCOIS_IMD_CLIMATOLOGY
Bay_of_Bengal_North,2015,7,Monsoon,4.15,5.7,173,29.4,8.1,DERIVED_INCOIS_IMD_CLIMATOLOGY
Bay_of_Bengal_North,2016,7,Monsoon,2.03,17.4,150,30.4,22.0,DERIVED_INCOIS_IMD_CLIMATOLOGY
Bay_of_Bengal_North,2017,7,Monsoon,4.1,23.7,196,31.8,19.7,DERIVED_INCOIS_IMD_CLIMATOLOGY
Bay_of_Bengal_North,2018,7,Monsoon,3.89,28.4,112,27.3,14.3,DERIVED_INCOIS_IMD_CLIMATOLOGY
Bay_of_Bengal_North,2019,7,Monsoon,2.51,31.8,35,31.2,12.6,DERIVED_INCOIS_IMD_CLIMATOLOGY
Bay_of_Bengal_North,2020,7,Monsoon,2.27,19.9,77,29.7,23.5,DERIVED_INCOIS_IMD_CLIMATOLOGY
Bay_of_Bengal_North,2021,7,Monsoon,3.28,16.6,231,26.9,6.8,DERIVED_INCOIS_IMD_CLIMATOLOGY
Bay_of_Bengal_North,2022,7,Monsoon,2.6,18.5,355,26.4,14.5,DERIVED_INCOIS_IMD_CLIMATOLOGY
Bay_of_Bengal_North,2023,7,Monsoon,3.25,25.5,184,31.1,15.4,DERIVED_INCOIS_IMD_CLIMATOLOGY
Bay_of_Bengal_North,2015,8,Monsoon,2.38,29.4,120,31.7,18.0,DERIVED_INCOIS_IMD_CLIMATOLOGY
Bay_of_Bengal_North,2016,8,Monsoon,2.73,25.0,248,26.8,8.1,DERIVED_INCOIS_IMD_CLIMATOLOGY
Bay_of_Bengal_North,2017,8,Monsoon,2.61,26.9,176,27.7,7.8,DERIVED_INCOIS_IMD_CLIMATOLOGY
Bay_of_Bengal_North,2018,8,Monsoon,2.86,28.8,195,27.7,5.6,DERIVED_INCOIS_IMD_CLIMATOLOGY
Bay_of_Bengal_North,2019,8,Monsoon,4.56,16.0,187,29.9,7.2,DERIVED_INCOIS_IMD_CLIMATOLOGY
Bay_of_Bengal_North,2020,8,Monsoon,3.37,33.5,120,28.4,21.2,DERIVED_INCOIS_IMD_CLIMATOLOGY
Bay_of_Bengal_North,2021,8,Monsoon,3.22,22.5,164,29.6,5.4,DERIVED_INCOIS_IMD_CLIMATOLOGY
Bay_of_Bengal_North,2022,8,Monsoon,3.36,19.4,307,26.6,20.7,DERIVED_INCOIS_IMD_CLIMATOLOGY
Bay_of_Bengal_North,2023,8,Monsoon,3.64,25.4,151,29.6,20.3,DERIVED_INCOIS_IMD_CLIMATOLOGY
Bay_of_Bengal_North,2015,9,Monsoon,3.51,25.8,180,31.6,24.6,DERIVED_INCOIS_IMD_CLIMATOLOGY
Bay_of_Bengal_North,2016,9,Monsoon,2.84,20.0,227,29.3,7.9,DERIVED_INCOIS_IMD_CLIMATOLOGY
Bay_of_Bengal_North,2017,9,Monsoon,2.08,30.7,68,28.7,21.9,DERIVED_INCOIS_IMD_CLIMATOLOGY
Bay_of_Bengal_North,2018,9,Monsoon,3.7,16.4,5,31.9,14.5,DERIVED_INCOIS_IMD_CLIMATOLOGY
Bay_of_Bengal_North,2019,9,Monsoon,3.19,33.5,354,29.0,6.8,DERIVED_INCOIS_IMD_CLIMATOLOGY
Bay_of_Bengal_North,2020,9,Monsoon,3.67,26.9,95,29.0,24.4,DERIVED_INCOIS_IMD_CLIMATOLOGY
Bay_of_Bengal_North,2021,9,Monsoon,3.3,23.6,261,28.7,10.6,DERIVED_INCOIS_IMD_CLIMATOLOGY
Bay_of_Bengal_North,2022,9,Monsoon,1.12,25.2,309,29.2,24.5,DERIVED_INCOIS_IMD_CLIMATOLOGY
Bay_of_Bengal_North,2023,9,Monsoon,2.81,28.0,71,28.4,9.0,DERIVED_INCOIS_IMD_CLIMATOLOGY
Bay_of_Bengal_North,2015,10,PostMonsoon,1.57,20.0,11,30.0,10.3,DERIVED_INCOIS_IMD_CLIMATOLOGY
Bay_of_Bengal_North,2016,10,PostMonsoon,2.26,18.6,109,28.8,12.2,DERIVED_INCOIS_IMD_CLIMATOLOGY
Bay_of_Bengal_North,2017,10,PostMonsoon,1.3,18.6,258,27.3,23.0,DERIVED_INCOIS_IMD_CLIMATOLOGY
Bay_of_Bengal_North,2018,10,PostMonsoon,1.24,19.1,203,26.7,9.8,DERIVED_INCOIS_IMD_CLIMATOLOGY
Bay_of_Bengal_North,2019,10,PostMonsoon,1.98,18.3,178,31.6,17.1,DERIVED_INCOIS_IMD_CLIMATOLOGY
Bay_of_Bengal_North,2020,10,PostMonsoon,1.5,11.6,246,28.0,8.3,DERIVED_INCOIS_IMD_CLIMATOLOGY
Bay_of_Bengal_North,2021,10,PostMonsoon,1.99,14.8,357,27.1,17.3,DERIVED_INCOIS_IMD_CLIMATOLOGY
Bay_of_Bengal_North,2022,10,PostMonsoon,1.78,18.1,217,26.2,7.2,DERIVED_INCOIS_IMD_CLIMATOLOGY
Bay_of_Bengal_North,2023,10,PostMonsoon,0.81,15.0,95,26.2,10.6,DERIVED_INCOIS_IMD_CLIMATOLOGY
Bay_of_Bengal_North,2015,11,PostMonsoon,1.16,15.9,150,28.0,11.6,DERIVED_INCOIS_IMD_CLIMATOLOGY
Bay_of_Bengal_North,2016,11,PostMonsoon,2.0,17.5,138,27.2,20.1,DERIVED_INCOIS_IMD_CLIMATOLOGY
Bay_of_Bengal_North,2017,11,PostMonsoon,2.31,19.1,16,29.2,11.3,DERIVED_INCOIS_IMD_CLIMATOLOGY
Bay_of_Bengal_North,2018,11,PostMonsoon,2.03,16.8,181,31.1,22.9,DERIVED_INCOIS_IMD_CLIMATOLOGY
Bay_of_Bengal_North,2019,11,PostMonsoon,2.21,16.4,257,27.9,23.6,DERIVED_INCOIS_IMD_CLIMATOLOGY
Bay_of_Bengal_North,2020,11,PostMonsoon,0.9,22.2,290,30.6,6.9,DERIVED_INCOIS_IMD_CLIMATOLOGY
Bay_of_Bengal_North,2021,11,PostMonsoon,1.44,19.1,240,30.8,17.0,DERIVED_INCOIS_IMD_CLIMATOLOGY
Bay_of_Bengal_North,2022,11,PostMonsoon,1.28,12.8,277,27.7,13.3,DERIVED_INCOIS_IMD_CLIMATOLOGY
Bay_of_Bengal_North,2023,11,PostMonsoon,2.05,19.6,166,28.4,13.5,DERIVED_INCOIS_IMD_CLIMATOLOGY
Bay_of_Bengal_North,2015,12,Winter,1.02,12.3,95,31.4,13.5,DERIVED_INCOIS_IMD_CLIMATOLOGY
Bay_of_Bengal_North,2016,12,Winter,1.17,12.1,18,27.5,15.1,DERIVED_INCOIS_IMD_CLIMATOLOGY
Bay_of_Bengal_North,2017,12,Winter,1.06,18.6,150,29.4,13.3,DERIVED_INCOIS_IMD_CLIMATOLOGY
Bay_of_Bengal_North,2018,12,Winter,1.32,12.3,241,30.7,24.4,DERIVED_INCOIS_IMD_CLIMATOLOGY
Bay_of_Bengal_North,2019,12,Winter,0.76,10.9,349,29.2,8.4,DERIVED_INCOIS_IMD_CLIMATOLOGY
Bay_of_Bengal_North,2020,12,Winter,1.1,15.8,113,31.6,7.3,DERIVED_INCOIS_IMD_CLIMATOLOGY
Bay_of_Bengal_North,2021,12,Winter,1.12,9.8,94,26.4,17.0,DERIVED_INCOIS_IMD_CLIMATOLOGY
Bay_of_Bengal_North,2022,12,Winter,1.28,10.9,183,27.6,18.3,DERIVED_INCOIS_IMD_CLIMATOLOGY
Bay_of_Bengal_North,2023,12,Winter,0.75,8.8,184,31.4,8.7,DERIVED_INCOIS_IMD_CLIMATOLOGY
Bay_of_Bengal_South,2015,1,Winter,1.1,9.6,120,28.7,8.1,DERIVED_INCOIS_IMD_CLIMATOLOGY
Bay_of_Bengal_South,2016,1,Winter,0.72,15.9,258,28.9,23.4,DERIVED_INCOIS_IMD_CLIMATOLOGY
Bay_of_Bengal_South,2017,1,Winter,1.37,20.4,210,31.7,11.3,DERIVED_INCOIS_IMD_CLIMATOLOGY
Bay_of_Bengal_South,2018,1,Winter,0.74,8.8,334,28.5,8.8,DERIVED_INCOIS_IMD_CLIMATOLOGY
Bay_of_Bengal_South,2019,1,Winter,1.1,12.2,171,26.4,5.8,DERIVED_INCOIS_IMD_CLIMATOLOGY
Bay_of_Bengal_South,2020,1,Winter,0.89,18.4,253,29.9,6.9,DERIVED_INCOIS_IMD_CLIMATOLOGY
Bay_of_Bengal_South,2021,1,Winter,0.7,6.8,144,26.8,11.4,DERIVED_INCOIS_IMD_CLIMATOLOGY
Bay_of_Bengal_South,2022,1,Winter,1.6,13.6,315,27.8,6.2,DERIVED_INCOIS_IMD_CLIMATOLOGY
Bay_of_Bengal_South,2023,1,Winter,0.7,12.1,239,27.2,10.2,DERIVED_INCOIS_IMD_CLIMATOLOGY
Bay_of_Bengal_South,2015,2,Winter,1.0,11.4,138,28.1,15.7,DERIVED_INCOIS_IMD_CLIMATOLOGY
Bay_of_Bengal_South,2016,2,Winter,0.95,12.3,104,31.8,15.4,DERIVED_INCOIS_IMD_CLIMATOLOGY
Bay_of_Bengal_South,2017,2,Winter,0.86,13.3,211,26.4,13.6,DERIVED_INCOIS_IMD_CLIMATOLOGY
Bay_of_Bengal_South,2018,2,Winter,1.24,14.9,288,26.6,16.2,DERIVED_INCOIS_IMD_CLIMATOLOGY
Bay_of_Bengal_South,2019,2,Winter,1.0,12.0,165,29.0,19.5,DERIVED_INCOIS_IMD_CLIMATOLOGY
Bay_of_Bengal_South,2020,2,Winter,0.55,12.3,333,30.5,21.8,DERIVED_INCOIS_IMD_CLIMATOLOGY
Bay_of_Bengal_South,2021,2,Winter,0.67,12.7,220,29.3,9.3,DERIVED_INCOIS_IMD_CLIMATOLOGY
Bay_of_Bengal_South,2022,2,Winter,1.66,12.8,175,27.1,11.8,DERIVED_INCOIS_IMD_CLIMATOLOGY
Bay_of_Bengal_South,2023,2,Winter,1.47,9.2,151,26.6,22.8,DERIVED_INCOIS_IMD_CLIMATOLOGY
Bay_of_Bengal_South,2015,3,PreMonsoon,1.46,11.4,99,31.8,19.2,DERIVED_INCOIS_IMD_CLIMATOLOGY
Bay_of_Bengal_South,2016,3,PreMonsoon,0.94,18.8,105,27.8,5.8,DERIVED_INCOIS_IMD_CLIMATOLOGY
Bay_of_Bengal_South,2017,3,PreMonsoon,0.87,12.0,323,30.4,24.0,DERIVED_INCOIS_IMD_CLIMATOLOGY
Bay_of_Bengal_South,2018,3,PreMonsoon,1.47,17.7,1,28.9,13.7,DERIVED_INCOIS_IMD_CLIMATOLOGY
Bay_of_Bengal_South,2019,3,PreMonsoon,1.03,16.3,201,29.6,23.0,DERIVED_INCOIS_IMD_CLIMATOLOGY
Bay_of_Bengal_South,2020,3,PreMonsoon,0.55,11.9,155,28.3,8.6,DERIVED_INCOIS_IMD_CLIMATOLOGY
Bay_of_Bengal_South,2021,3,PreMonsoon,1.69,18.2,98,30.6,14.9,DERIVED_INCOIS_IMD_CLIMATOLOGY
Bay_of_Bengal_South,2022,3,PreMonsoon,1.32,16.7,62,26.4,13.1,DERIVED_INCOIS_IMD_CLIMATOLOGY
Bay_of_Bengal_South,2023,3,PreMonsoon,1.86,15.5,143,27.3,9.0,DERIVED_INCOIS_IMD_CLIMATOLOGY
Bay_of_Bengal_South,2015,4,PreMonsoon,1.28,7.1,354,29.5,12.5,DERIVED_INCOIS_IMD_CLIMATOLOGY
Bay_of_Bengal_South,2016,4,PreMonsoon,1.94,16.1,264,30.1,22.4,DERIVED_INCOIS_IMD_CLIMATOLOGY
Bay_of_Bengal_South,2017,4,PreMonsoon,2.41,18.9,154,26.4,8.4,DERIVED_INCOIS_IMD_CLIMATOLOGY
Bay_of_Bengal_South,2018,4,PreMonsoon,1.96,19.8,341,30.3,6.3,DERIVED_INCOIS_IMD_CLIMATOLOGY
Bay_of_Bengal_South,2019,4,PreMonsoon,2.53,12.0,103,26.5,5.5,DERIVED_INCOIS_IMD_CLIMATOLOGY
Bay_of_Bengal_South,2020,4,PreMonsoon,1.3,11.4,264,29.3,13.5,DERIVED_INCOIS_IMD_CLIMATOLOGY
Bay_of_Bengal_South,2021,4,PreMonsoon,1.3,22.7,84,29.0,24.8,DERIVED_INCOIS_IMD_CLIMATOLOGY
Bay_of_Bengal_South,2022,4,PreMonsoon,1.6,18.3,340,28.9,22.7,DERIVED_INCOIS_IMD_CLIMATOLOGY
Bay_of_Bengal_South,2023,4,PreMonsoon,1.7,16.5,18,27.6,13.4,DERIVED_INCOIS_IMD_CLIMATOLOGY
Bay_of_Bengal_South,2015,5,PreMonsoon,2.39,13.9,95,28.0,11.1,DERIVED_INCOIS_IMD_CLIMATOLOGY
Bay_of_Bengal_South,2016,5,PreMonsoon,1.5,5.5,166,26.9,22.4,DERIVED_INCOIS_IMD_CLIMATOLOGY
Bay_of_Bengal_South,2017,5,PreMonsoon,2.09,15.7,162,31.1,9.8,DERIVED_INCOIS_IMD_CLIMATOLOGY
Bay_of_Bengal_South,2018,5,PreMonsoon,1.6,14.9,249,26.3,20.2,DERIVED_INCOIS_IMD_CLIMATOLOGY
Bay_of_Bengal_South,2019,5,PreMonsoon,2.61,18.3,120,26.4,16.8,DERIVED_INCOIS_IMD_CLIMATOLOGY
Bay_of_Bengal_South,2020,5,PreMonsoon,1.42,6.8,269,26.1,16.9,DERIVED_INCOIS_IMD_CLIMATOLOGY
Bay_of_Bengal_South,2021,5,PreMonsoon,1.11,14.3,142,26.7,16.1,DERIVED_INCOIS_IMD_CLIMATOLOGY
Bay_of_Bengal_South,2022,5,PreMonsoon,1.76,17.5,68,30.5,22.9,DERIVED_INCOIS_IMD_CLIMATOLOGY
Bay_of_Bengal_South,2023,5,PreMonsoon,1.03,6.3,189,27.8,11.6,DERIVED_INCOIS_IMD_CLIMATOLOGY
Bay_of_Bengal_South,2015,6,Monsoon,4.46,33.4,200,31.8,13.3,DERIVED_INCOIS_IMD_CLIMATOLOGY
Bay_of_Bengal_South,2016,6,Monsoon,3.58,39.2,125,27.4,15.6,DERIVED_INCOIS_IMD_CLIMATOLOGY
Bay_of_Bengal_South,2017,6,Monsoon,2.49,28.7,38,26.7,9.0,DERIVED_INCOIS_IMD_CLIMATOLOGY
Bay_of_Bengal_South,2018,6,Monsoon,3.11,33.6,55,30.4,6.4,DERIVED_INCOIS_IMD_CLIMATOLOGY
Bay_of_Bengal_South,2019,6,Monsoon,2.64,24.3,324,30.5,21.6,DERIVED_INCOIS_IMD_CLIMATOLOGY
Bay_of_Bengal_South,2020,6,Monsoon,3.83,14.8,168,30.2,24.1,DERIVED_INCOIS_IMD_CLIMATOLOGY
Bay_of_Bengal_South,2021,6,Monsoon,1.91,28.0,116,28.6,20.1,DERIVED_INCOIS_IMD_CLIMATOLOGY
Bay_of_Bengal_South,2022,6,Monsoon,1.63,28.2,2,29.2,14.6,DERIVED_INCOIS_IMD_CLIMATOLOGY
Bay_of_Bengal_South,2023,6,Monsoon,2.27,21.3,72,28.4,16.7,DERIVED_INCOIS_IMD_CLIMATOLOGY
Bay_of_Bengal_South,2015,7,Monsoon,3.67,21.3,223,29.8,20.8,DERIVED_INCOIS_IMD_CLIMATOLOGY
Bay_of_Bengal_South,2016,7,Monsoon,2.51,14.1,259,27.6,15.5,DERIVED_INCOIS_IMD_CLIMATOLOGY
Bay_of_Bengal_South,2017,7,Monsoon,1.3,20.8,119,29.6,9.4,DERIVED_INCOIS_IMD_CLIMATOLOGY
Bay_of_Bengal_South,2018,7,Monsoon,2.05,30.7,32,29.6,16.8,DERIVED_INCOIS_IMD_CLIMATOLOGY
Bay_of_Bengal_South,2019,7,Monsoon,2.69,27.7,301,30.3,15.4,DERIVED_INCOIS_IMD_CLIMATOLOGY
Bay_of_Bengal_South,2020,7,Monsoon,4.44,21.4,311,26.9,8.9,DERIVED_INCOIS_IMD_CLIMATOLOGY
Bay_of_Bengal_South,2021,7,Monsoon,4.89,20.5,137,27.4,7.1,DERIVED_INCOIS_IMD_CLIMATOLOGY
Bay_of_Bengal_South,2022,7,Monsoon,4.02,17.9,181,28.3,20.5,DERIVED_INCOIS_IMD_CLIMATOLOGY
Bay_of_Bengal_South,2023,7,Monsoon,2.43,18.1,67,26.3,23.5,DERIVED_INCOIS_IMD_CLIMATOLOGY
Bay_of_Bengal_South,2015,8,Monsoon,3.26,27.4,144,29.3,9.2,DERIVED_INCOIS_IMD_CLIMATOLOGY
Bay_of_Bengal_South,2016,8,Monsoon,3.86,39.6,71,30.1,24.0,DERIVED_INCOIS_IMD_CLIMATOLOGY
Bay_of_Bengal_South,2017,8,Monsoon,3.86,20.8,12,26.3,23.8,DERIVED_INCOIS_IMD_CLIMATOLOGY
Bay_of_Bengal_South,2018,8,Monsoon,2.54,21.5,281,28.8,13.4,DERIVED_INCOIS_IMD_CLIMATOLOGY
Bay_of_Bengal_South,2019,8,Monsoon,1.73,12.5,231,27.4,21.7,DERIVED_INCOIS_IMD_CLIMATOLOGY
Bay_of_Bengal_South,2020,8,Monsoon,3.08,16.9,329,27.3,8.3,DERIVED_INCOIS_IMD_CLIMATOLOGY
Bay_of_Bengal_South,2021,8,Monsoon,4.26,28.0,197,29.8,23.2,DERIVED_INCOIS_IMD_CLIMATOLOGY
Bay_of_Bengal_South,2022,8,Monsoon,2.85,26.0,17,31.0,17.6,DERIVED_INCOIS_IMD_CLIMATOLOGY
Bay_of_Bengal_South,2023,8,Monsoon,1.57,25.3,324,30.1,5.3,DERIVED_INCOIS_IMD_CLIMATOLOGY
Bay_of_Bengal_South,2015,9,Monsoon,4.65,18.7,62,28.3,5.2,DERIVED_INCOIS_IMD_CLIMATOLOGY
Bay_of_Bengal_South,2016,9,Monsoon,3.11,24.6,281,28.6,11.8,DERIVED_INCOIS_IMD_CLIMATOLOGY
Bay_of_Bengal_South,2017,9,Monsoon,3.2,28.9,159,27.9,10.9,DERIVED_INCOIS_IMD_CLIMATOLOGY
Bay_of_Bengal_South,2018,9,Monsoon,4.07,37.3,62,29.9,24.0,DERIVED_INCOIS_IMD_CLIMATOLOGY
Bay_of_Bengal_South,2019,9,Monsoon,2.76,31.4,357,27.6,14.3,DERIVED_INCOIS_IMD_CLIMATOLOGY
Bay_of_Bengal_South,2020,9,Monsoon,3.59,31.3,9,30.1,19.9,DERIVED_INCOIS_IMD_CLIMATOLOGY
Bay_of_Bengal_South,2021,9,Monsoon,3.49,29.4,116,26.2,7.0,DERIVED_INCOIS_IMD_CLIMATOLOGY
Bay_of_Bengal_South,2022,9,Monsoon,3.37,28.8,142,26.1,16.2,DERIVED_INCOIS_IMD_CLIMATOLOGY
Bay_of_Bengal_South,2023,9,Monsoon,3.21,32.6,133,29.7,18.9,DERIVED_INCOIS_IMD_CLIMATOLOGY
Bay_of_Bengal_South,2015,10,PostMonsoon,2.69,15.1,196,31.0,6.5,DERIVED_INCOIS_IMD_CLIMATOLOGY
Bay_of_Bengal_South,2016,10,PostMonsoon,2.14,15.7,216,28.0,8.3,DERIVED_INCOIS_IMD_CLIMATOLOGY
Bay_of_Bengal_South,2017,10,PostMonsoon,2.37,18.2,160,30.6,22.9,DERIVED_INCOIS_IMD_CLIMATOLOGY
Bay_of_Bengal_South,2018,10,PostMonsoon,1.71,20.2,263,26.5,13.1,DERIVED_INCOIS_IMD_CLIMATOLOGY
Bay_of_Bengal_South,2019,10,PostMonsoon,2.12,17.9,328,28.5,18.3,DERIVED_INCOIS_IMD_CLIMATOLOGY
Bay_of_Bengal_South,2020,10,PostMonsoon,2.19,15.8,176,26.9,17.3,DERIVED_INCOIS_IMD_CLIMATOLOGY
Bay_of_Bengal_South,2021,10,PostMonsoon,0.93,18.0,11,28.1,22.7,DERIVED_INCOIS_IMD_CLIMATOLOGY
Bay_of_Bengal_South,2022,10,PostMonsoon,1.58,7.7,112,27.6,14.9,DERIVED_INCOIS_IMD_CLIMATOLOGY
Bay_of_Bengal_South,2023,10,PostMonsoon,2.22,21.7,278,30.9,23.0,DERIVED_INCOIS_IMD_CLIMATOLOGY
Bay_of_Bengal_South,2015,11,PostMonsoon,1.82,21.3,126,31.6,16.4,DERIVED_INCOIS_IMD_CLIMATOLOGY
Bay_of_Bengal_South,2016,11,PostMonsoon,1.9,17.8,82,28.1,10.8,DERIVED_INCOIS_IMD_CLIMATOLOGY
Bay_of_Bengal_South,2017,11,PostMonsoon,2.94,18.6,211,31.3,17.6,DERIVED_INCOIS_IMD_CLIMATOLOGY
Bay_of_Bengal_South,2018,11,PostMonsoon,1.99,12.7,178,28.8,9.2,DERIVED_INCOIS_IMD_CLIMATOLOGY
Bay_of_Bengal_South,2019,11,PostMonsoon,2.49,12.0,256,30.6,16.5,DERIVED_INCOIS_IMD_CLIMATOLOGY
Bay_of_Bengal_South,2020,11,PostMonsoon,2.03,20.0,257,31.3,19.6,DERIVED_INCOIS_IMD_CLIMATOLOGY
Bay_of_Bengal_South,2021,11,PostMonsoon,1.95,18.5,61,32.0,13.4,DERIVED_INCOIS_IMD_CLIMATOLOGY
Bay_of_Bengal_South,2022,11,PostMonsoon,2.16,9.6,304,28.7,23.5,DERIVED_INCOIS_IMD_CLIMATOLOGY
Bay_of_Bengal_South,2023,11,PostMonsoon,1.94,8.3,193,27.4,21.8,DERIVED_INCOIS_IMD_CLIMATOLOGY
Bay_of_Bengal_South,2015,12,Winter,0.97,12.6,38,27.5,14.8,DERIVED_INCOIS_IMD_CLIMATOLOGY
Bay_of_Bengal_South,2016,12,Winter,0.7,11.4,218,29.4,14.3,DERIVED_INCOIS_IMD_CLIMATOLOGY
Bay_of_Bengal_South,2017,12,Winter,1.25,10.2,25,28.4,14.4,DERIVED_INCOIS_IMD_CLIMATOLOGY
Bay_of_Bengal_South,2018,12,Winter,0.8,12.0,43,30.9,19.9,DERIVED_INCOIS_IMD_CLIMATOLOGY
Bay_of_Bengal_South,2019,12,Winter,0.79,10.0,169,31.1,8.1,DERIVED_INCOIS_IMD_CLIMATOLOGY
Bay_of_Bengal_South,2020,12,Winter,0.83,11.5,282,27.4,18.4,DERIVED_INCOIS_IMD_CLIMATOLOGY
Bay_of_Bengal_South,2021,12,Winter,0.99,12.3,266,31.7,12.6,DERIVED_INCOIS_IMD_CLIMATOLOGY
Bay_of_Bengal_South,2022,12,Winter,1.0,15.4,178,27.0,21.4,DERIVED_INCOIS_IMD_CLIMATOLOGY
Bay_of_Bengal_South,2023,12,Winter,0.9,11.4,314,31.2,18.8,DERIVED_INCOIS_IMD_CLIMATOLOGY
Lakshadweep_Sea,2015,1,Winter,1.18,11.7,262,30.3,14.4,DERIVED_INCOIS_IMD_CLIMATOLOGY
Lakshadweep_Sea,2016,1,Winter,0.95,16.9,292,27.0,17.9,DERIVED_INCOIS_IMD_CLIMATOLOGY
Lakshadweep_Sea,2017,1,Winter,1.72,8.8,108,26.8,22.2,DERIVED_INCOIS_IMD_CLIMATOLOGY
Lakshadweep_Sea,2018,1,Winter,0.75,11.9,89,31.9,5.2,DERIVED_INCOIS_IMD_CLIMATOLOGY
Lakshadweep_Sea,2019,1,Winter,0.71,11.5,332,28.1,13.2,DERIVED_INCOIS_IMD_CLIMATOLOGY
Lakshadweep_Sea,2020,1,Winter,0.9,7.7,290,30.7,7.7,DERIVED_INCOIS_IMD_CLIMATOLOGY
Lakshadweep_Sea,2021,1,Winter,0.88,11.2,323,27.8,16.1,DERIVED_INCOIS_IMD_CLIMATOLOGY
Lakshadweep_Sea,2022,1,Winter,1.43,10.6,0,28.8,8.6,DERIVED_INCOIS_IMD_CLIMATOLOGY
Lakshadweep_Sea,2023,1,Winter,1.11,16.7,33,26.6,21.9,DERIVED_INCOIS_IMD_CLIMATOLOGY
Lakshadweep_Sea,2015,2,Winter,1.37,11.3,207,28.2,20.7,DERIVED_INCOIS_IMD_CLIMATOLOGY
Lakshadweep_Sea,2016,2,Winter,0.55,12.4,277,26.2,9.5,DERIVED_INCOIS_IMD_CLIMATOLOGY
Lakshadweep_Sea,2017,2,Winter,0.43,8.2,178,26.5,22.6,DERIVED_INCOIS_IMD_CLIMATOLOGY
Lakshadweep_Sea,2018,2,Winter,0.89,16.2,183,30.0,15.5,DERIVED_INCOIS_IMD_CLIMATOLOGY
Lakshadweep_Sea,2019,2,Winter,1.12,9.4,251,26.6,11.3,DERIVED_INCOIS_IMD_CLIMATOLOGY
Lakshadweep_Sea,2020,2,Winter,1.25,15.6,182,30.1,21.8,DERIVED_INCOIS_IMD_CLIMATOLOGY
Lakshadweep_Sea,2021,2,Winter,0.3,12.9,160,30.8,22.7,DERIVED_INCOIS_IMD_CLIMATOLOGY
Lakshadweep_Sea,2022,2,Winter,1.21,11.8,216,29.9,15.3,DERIVED_INCOIS_IMD_CLIMATOLOGY
Lakshadweep_Sea,2023,2,Winter,1.03,12.5,127,26.7,7.1,DERIVED_INCOIS_IMD_CLIMATOLOGY
Lakshadweep_Sea,2015,3,PreMonsoon,1.57,20.2,113,30.2,18.7,DERIVED_INCOIS_IMD_CLIMATOLOGY
Lakshadweep_Sea,2016,3,PreMonsoon,1.35,11.4,77,28.3,21.7,DERIVED_INCOIS_IMD_CLIMATOLOGY
Lakshadweep_Sea,2017,3,PreMonsoon,0.99,10.3,80,31.1,16.6,DERIVED_INCOIS_IMD_CLIMATOLOGY
Lakshadweep_Sea,2018,3,PreMonsoon,1.49,13.4,355,30.1,20.4,DERIVED_INCOIS_IMD_CLIMATOLOGY
Lakshadweep_Sea,2019,3,PreMonsoon,2.48,20.6,219,29.6,7.4,DERIVED_INCOIS_IMD_CLIMATOLOGY
Lakshadweep_Sea,2020,3,PreMonsoon,0.79,19.1,22,30.4,8.7,DERIVED_INCOIS_IMD_CLIMATOLOGY
Lakshadweep_Sea,2021,3,PreMonsoon,1.31,14.3,72,30.2,5.8,DERIVED_INCOIS_IMD_CLIMATOLOGY
Lakshadweep_Sea,2022,3,PreMonsoon,1.34,8.5,314,27.7,16.9,DERIVED_INCOIS_IMD_CLIMATOLOGY
Lakshadweep_Sea,2023,3,PreMonsoon,1.02,17.6,271,30.1,6.1,DERIVED_INCOIS_IMD_CLIMATOLOGY
Lakshadweep_Sea,2015,4,PreMonsoon,1.22,8.5,103,30.4,14.3,DERIVED_INCOIS_IMD_CLIMATOLOGY
Lakshadweep_Sea,2016,4,PreMonsoon,1.28,12.2,187,27.3,14.0,DERIVED_INCOIS_IMD_CLIMATOLOGY
Lakshadweep_Sea,2017,4,PreMonsoon,1.81,18.9,265,30.1,17.9,DERIVED_INCOIS_IMD_CLIMATOLOGY
Lakshadweep_Sea,2018,4,PreMonsoon,1.43,13.3,188,26.3,20.7,DERIVED_INCOIS_IMD_CLIMATOLOGY
Lakshadweep_Sea,2019,4,PreMonsoon,1.69,11.0,133,27.5,9.2,DERIVED_INCOIS_IMD_CLIMATOLOGY
Lakshadweep_Sea,2020,4,PreMonsoon,1.7,19.3,211,30.6,12.5,DERIVED_INCOIS_IMD_CLIMATOLOGY
Lakshadweep_Sea,2021,4,PreMonsoon,1.48,12.7,23,30.9,11.4,DERIVED_INCOIS_IMD_CLIMATOLOGY
Lakshadweep_Sea,2022,4,PreMonsoon,1.46,11.9,166,28.6,20.0,DERIVED_INCOIS_IMD_CLIMATOLOGY
Lakshadweep_Sea,2023,4,PreMonsoon,1.27,17.2,237,29.2,11.4,DERIVED_INCOIS_IMD_CLIMATOLOGY
Lakshadweep_Sea,2015,5,PreMonsoon,1.24,14.0,300,28.5,16.1,DERIVED_INCOIS_IMD_CLIMATOLOGY
Lakshadweep_Sea,2016,5,PreMonsoon,1.16,15.4,44,29.7,14.2,DERIVED_INCOIS_IMD_CLIMATOLOGY
Lakshadweep_Sea,2017,5,PreMonsoon,1.61,9.5,317,27.6,13.0,DERIVED_INCOIS_IMD_CLIMATOLOGY
Lakshadweep_Sea,2018,5,PreMonsoon,1.29,15.0,78,27.0,6.9,DERIVED_INCOIS_IMD_CLIMATOLOGY
Lakshadweep_Sea,2019,5,PreMonsoon,1.81,18.0,169,27.3,5.5,DERIVED_INCOIS_IMD_CLIMATOLOGY
Lakshadweep_Sea,2020,5,PreMonsoon,1.77,10.9,197,26.8,7.9,DERIVED_INCOIS_IMD_CLIMATOLOGY
Lakshadweep_Sea,2021,5,PreMonsoon,2.24,22.7,232,31.9,6.8,DERIVED_INCOIS_IMD_CLIMATOLOGY
Lakshadweep_Sea,2022,5,PreMonsoon,1.89,18.9,219,29.7,13.4,DERIVED_INCOIS_IMD_CLIMATOLOGY
Lakshadweep_Sea,2023,5,PreMonsoon,1.46,17.2,110,32.0,12.6,DERIVED_INCOIS_IMD_CLIMATOLOGY
Lakshadweep_Sea,2015,6,Monsoon,3.07,30.6,53,26.3,23.5,DERIVED_INCOIS_IMD_CLIMATOLOGY
Lakshadweep_Sea,2016,6,Monsoon,2.67,17.7,314,29.2,18.5,DERIVED_INCOIS_IMD_CLIMATOLOGY
Lakshadweep_Sea,2017,6,Monsoon,3.98,23.1,53,27.5,22.1,DERIVED_INCOIS_IMD_CLIMATOLOGY
Lakshadweep_Sea,2018,6,Monsoon,3.39,19.1,280,26.0,8.2,DERIVED_INCOIS_IMD_CLIMATOLOGY
Lakshadweep_Sea,2019,6,Monsoon,2.93,18.7,359,29.5,18.7,DERIVED_INCOIS_IMD_CLIMATOLOGY
Lakshadweep_Sea,2020,6,Monsoon,2.57,42.4,123,29.6,9.2,DERIVED_INCOIS_IMD_CLIMATOLOGY
Lakshadweep_Sea,2021,6,Monsoon,4.42,24.4,251,30.0,14.4,DERIVED_INCOIS_IMD_CLIMATOLOGY
Lakshadweep_Sea,2022,6,Monsoon,2.66,17.6,329,26.1,24.7,DERIVED_INCOIS_IMD_CLIMATOLOGY
Lakshadweep_Sea,2023,6,Monsoon,2.14,20.8,88,27.0,10.7,DERIVED_INCOIS_IMD_CLIMATOLOGY
Lakshadweep_Sea,2015,7,Monsoon,3.44,29.4,193,31.7,22.5,DERIVED_INCOIS_IMD_CLIMATOLOGY
Lakshadweep_Sea,2016,7,Monsoon,3.44,27.1,287,26.9,23.3,DERIVED_INCOIS_IMD_CLIMATOLOGY
Lakshadweep_Sea,2017,7,Monsoon,2.93,19.1,247,26.1,10.0,DERIVED_INCOIS_IMD_CLIMATOLOGY
Lakshadweep_Sea,2018,7,Monsoon,2.69,20.0,56,31.8,7.0,DERIVED_INCOIS_IMD_CLIMATOLOGY
Lakshadweep_Sea,2019,7,Monsoon,3.98,24.5,333,27.9,10.7,DERIVED_INCOIS_IMD_CLIMATOLOGY
Lakshadweep_Sea,2020,7,Monsoon,2.07,30.1,195,28.8,18.0,DERIVED_INCOIS_IMD_CLIMATOLOGY
Lakshadweep_Sea,2021,7,Monsoon,3.23,30.9,336,30.9,18.1,DERIVED_INCOIS_IMD_CLIMATOLOGY
Lakshadweep_Sea,2022,7,Monsoon,2.81,35.3,182,31.3,17.3,DERIVED_INCOIS_IMD_CLIMATOLOGY
Lakshadweep_Sea,2023,7,Monsoon,3.49,35.7,258,26.4,9.8,DERIVED_INCOIS_IMD_CLIMATOLOGY
Lakshadweep_Sea,2015,8,Monsoon,3.93,19.7,218,27.0,17.2,DERIVED_INCOIS_IMD_CLIMATOLOGY
Lakshadweep_Sea,2016,8,Monsoon,2.68,19.9,50,29.3,16.3,DERIVED_INCOIS_IMD_CLIMATOLOGY
Lakshadweep_Sea,2017,8,Monsoon,2.12,22.1,111,27.3,24.6,DERIVED_INCOIS_IMD_CLIMATOLOGY
Lakshadweep_Sea,2018,8,Monsoon,4.14,30.3,230,27.5,19.9,DERIVED_INCOIS_IMD_CLIMATOLOGY
Lakshadweep_Sea,2019,8,Monsoon,4.34,21.6,213,29.5,7.2,DERIVED_INCOIS_IMD_CLIMATOLOGY
Lakshadweep_Sea,2020,8,Monsoon,4.21,24.1,92,31.3,20.2,DERIVED_INCOIS_IMD_CLIMATOLOGY
Lakshadweep_Sea,2021,8,Monsoon,4.48,26.5,105,30.3,24.0,DERIVED_INCOIS_IMD_CLIMATOLOGY
Lakshadweep_Sea,2022,8,Monsoon,2.26,28.5,156,28.4,19.8,DERIVED_INCOIS_IMD_CLIMATOLOGY
Lakshadweep_Sea,2023,8,Monsoon,1.5,17.9,84,27.9,7.8,DERIVED_INCOIS_IMD_CLIMATOLOGY
Lakshadweep_Sea,2015,9,Monsoon,3.35,35.7,1,28.3,20.8,DERIVED_INCOIS_IMD_CLIMATOLOGY
Lakshadweep_Sea,2016,9,Monsoon,2.61,24.2,216,27.4,24.7,DERIVED_INCOIS_IMD_CLIMATOLOGY
Lakshadweep_Sea,2017,9,Monsoon,2.65,36.2,328,27.1,17.7,DERIVED_INCOIS_IMD_CLIMATOLOGY
Lakshadweep_Sea,2018,9,Monsoon,3.18,20.5,1,30.6,13.9,DERIVED_INCOIS_IMD_CLIMATOLOGY
Lakshadweep_Sea,2019,9,Monsoon,2.57,23.2,245,27.5,22.7,DERIVED_INCOIS_IMD_CLIMATOLOGY
Lakshadweep_Sea,2020,9,Monsoon,4.44,22.8,330,30.7,17.3,DERIVED_INCOIS_IMD_CLIMATOLOGY
Lakshadweep_Sea,2021,9,Monsoon,2.84,25.3,303,27.6,17.0,DERIVED_INCOIS_IMD_CLIMATOLOGY
Lakshadweep_Sea,2022,9,Monsoon,3.71,33.8,77,31.3,12.5,DERIVED_INCOIS_IMD_CLIMATOLOGY
Lakshadweep_Sea,2023,9,Monsoon,2.81,19.4,234,30.4,14.0,DERIVED_INCOIS_IMD_CLIMATOLOGY
Lakshadweep_Sea,2015,10,PostMonsoon,1.63,21.0,65,30.9,19.5,DERIVED_INCOIS_IMD_CLIMATOLOGY
Lakshadweep_Sea,2016,10,PostMonsoon,1.03,14.9,236,29.7,17.2,DERIVED_INCOIS_IMD_CLIMATOLOGY
Lakshadweep_Sea,2017,10,PostMonsoon,1.66,19.0,121,26.7,18.2,DERIVED_INCOIS_IMD_CLIMATOLOGY
Lakshadweep_Sea,2018,10,PostMonsoon,1.59,16.5,194,27.2,14.1,DERIVED_INCOIS_IMD_CLIMATOLOGY
Lakshadweep_Sea,2019,10,PostMonsoon,2.33,17.5,113,31.2,23.3,DERIVED_INCOIS_IMD_CLIMATOLOGY
Lakshadweep_Sea,2020,10,PostMonsoon,0.78,11.1,46,26.3,6.7,DERIVED_INCOIS_IMD_CLIMATOLOGY
Lakshadweep_Sea,2021,10,PostMonsoon,1.71,16.1,167,31.7,8.9,DERIVED_INCOIS_IMD_CLIMATOLOGY
Lakshadweep_Sea,2022,10,PostMonsoon,1.38,17.1,104,30.1,11.6,DERIVED_INCOIS_IMD_CLIMATOLOGY
Lakshadweep_Sea,2023,10,PostMonsoon,1.98,20.4,230,31.6,11.0,DERIVED_INCOIS_IMD_CLIMATOLOGY
Lakshadweep_Sea,2015,11,PostMonsoon,1.75,12.7,214,28.7,17.6,DERIVED_INCOIS_IMD_CLIMATOLOGY
Lakshadweep_Sea,2016,11,PostMonsoon,1.36,14.0,236,27.6,10.5,DERIVED_INCOIS_IMD_CLIMATOLOGY
Lakshadweep_Sea,2017,11,PostMonsoon,2.04,18.1,288,28.7,8.8,DERIVED_INCOIS_IMD_CLIMATOLOGY
Lakshadweep_Sea,2018,11,PostMonsoon,1.33,12.4,119,26.8,18.8,DERIVED_INCOIS_IMD_CLIMATOLOGY
Lakshadweep_Sea,2019,11,PostMonsoon,1.23,14.2,84,26.6,5.9,DERIVED_INCOIS_IMD_CLIMATOLOGY
Lakshadweep_Sea,2020,11,PostMonsoon,2.39,16.8,324,31.1,6.1,DERIVED_INCOIS_IMD_CLIMATOLOGY
Lakshadweep_Sea,2021,11,PostMonsoon,1.65,16.0,5,27.0,24.9,DERIVED_INCOIS_IMD_CLIMATOLOGY
Lakshadweep_Sea,2022,11,PostMonsoon,1.38,19.4,109,29.8,19.7,DERIVED_INCOIS_IMD_CLIMATOLOGY
Lakshadweep_Sea,2023,11,PostMonsoon,2.19,21.1,106,26.0,17.0,DERIVED_INCOIS_IMD_CLIMATOLOGY
Lakshadweep_Sea,2015,12,Winter,0.62,15.1,66,27.1,11.6,DERIVED_INCOIS_IMD_CLIMATOLOGY
Lakshadweep_Sea,2016,12,Winter,1.07,10.4,281,27.9,24.6,DERIVED_INCOIS_IMD_CLIMATOLOGY
Lakshadweep_Sea,2017,12,Winter,0.73,12.5,329,30.3,17.0,DERIVED_INCOIS_IMD_CLIMATOLOGY
Lakshadweep_Sea,2018,12,Winter,0.8,14.8,23,26.5,17.1,DERIVED_INCOIS_IMD_CLIMATOLOGY
Lakshadweep_Sea,2019,12,Winter,1.4,10.0,67,30.3,24.7,DERIVED_INCOIS_IMD_CLIMATOLOGY
Lakshadweep_Sea,2020,12,Winter,0.7,10.4,46,28.2,5.1,DERIVED_INCOIS_IMD_CLIMATOLOGY
Lakshadweep_Sea,2021,12,Winter,1.01,14.3,312,27.5,14.8,DERIVED_INCOIS_IMD_CLIMATOLOGY
Lakshadweep_Sea,2022,12,Winter,0.76,12.7,356,30.4,22.3,DERIVED_INCOIS_IMD_CLIMATOLOGY
Lakshadweep_Sea,2023,12,Winter,1.09,14.2,28,27.2,5.5,DERIVED_INCOIS_IMD_CLIMATOLOGY
Andaman_Sea,2015,1,Winter,0.75,8.3,77,28.3,16.1,DERIVED_INCOIS_IMD_CLIMATOLOGY
Andaman_Sea,2016,1,Winter,1.16,12.7,233,31.6,20.2,DERIVED_INCOIS_IMD_CLIMATOLOGY
Andaman_Sea,2017,1,Winter,1.12,9.8,266,31.6,13.3,DERIVED_INCOIS_IMD_CLIMATOLOGY
Andaman_Sea,2018,1,Winter,1.02,10.1,233,26.7,6.9,DERIVED_INCOIS_IMD_CLIMATOLOGY
Andaman_Sea,2019,1,Winter,1.38,15.2,349,29.5,7.9,DERIVED_INCOIS_IMD_CLIMATOLOGY
Andaman_Sea,2020,1,Winter,1.91,11.3,284,27.7,11.6,DERIVED_INCOIS_IMD_CLIMATOLOGY
Andaman_Sea,2021,1,Winter,1.11,14.5,12,30.2,7.8,DERIVED_INCOIS_IMD_CLIMATOLOGY
Andaman_Sea,2022,1,Winter,1.08,9.3,273,27.2,18.0,DERIVED_INCOIS_IMD_CLIMATOLOGY
Andaman_Sea,2023,1,Winter,0.82,9.7,85,29.1,7.0,DERIVED_INCOIS_IMD_CLIMATOLOGY
Andaman_Sea,2015,2,Winter,0.79,11.8,40,31.7,10.7,DERIVED_INCOIS_IMD_CLIMATOLOGY
Andaman_Sea,2016,2,Winter,1.2,10.1,236,29.4,23.4,DERIVED_INCOIS_IMD_CLIMATOLOGY
Andaman_Sea,2017,2,Winter,0.72,8.4,323,29.3,11.9,DERIVED_INCOIS_IMD_CLIMATOLOGY
Andaman_Sea,2018,2,Winter,1.29,12.1,108,31.8,16.1,DERIVED_INCOIS_IMD_CLIMATOLOGY
Andaman_Sea,2019,2,Winter,1.05,13.9,170,26.2,21.1,DERIVED_INCOIS_IMD_CLIMATOLOGY
Andaman_Sea,2020,2,Winter,0.55,9.9,98,26.3,6.6,DERIVED_INCOIS_IMD_CLIMATOLOGY
Andaman_Sea,2021,2,Winter,0.71,9.8,203,28.9,11.8,DERIVED_INCOIS_IMD_CLIMATOLOGY
Andaman_Sea,2022,2,Winter,0.57,9.5,352,31.7,7.8,DERIVED_INCOIS_IMD_CLIMATOLOGY
Andaman_Sea,2023,2,Winter,1.32,8.1,274,29.8,19.2,DERIVED_INCOIS_IMD_CLIMATOLOGY
Andaman_Sea,2015,3,PreMonsoon,1.33,12.7,64,29.2,11.5,DERIVED_INCOIS_IMD_CLIMATOLOGY
Andaman_Sea,2016,3,PreMonsoon,1.67,13.6,174,26.2,10.5,DERIVED_INCOIS_IMD_CLIMATOLOGY
Andaman_Sea,2017,3,PreMonsoon,1.91,12.8,301,29.8,13.4,DERIVED_INCOIS_IMD_CLIMATOLOGY
Andaman_Sea,2018,3,PreMonsoon,1.09,19.1,229,28.1,19.4,DERIVED_INCOIS_IMD_CLIMATOLOGY
Andaman_Sea,2019,3,PreMonsoon,1.98,23.9,85,31.8,20.1,DERIVED_INCOIS_IMD_CLIMATOLOGY
Andaman_Sea,2020,3,PreMonsoon,0.84,7.6,175,26.2,23.9,DERIVED_INCOIS_IMD_CLIMATOLOGY
Andaman_Sea,2021,3,PreMonsoon,1.13,14.7,313,30.3,5.9,DERIVED_INCOIS_IMD_CLIMATOLOGY
Andaman_Sea,2022,3,PreMonsoon,0.92,13.2,359,29.6,6.4,DERIVED_INCOIS_IMD_CLIMATOLOGY
Andaman_Sea,2023,3,PreMonsoon,1.85,13.1,191,29.7,10.8,DERIVED_INCOIS_IMD_CLIMATOLOGY
Andaman_Sea,2015,4,PreMonsoon,1.86,10.4,196,26.6,6.7,DERIVED_INCOIS_IMD_CLIMATOLOGY
Andaman_Sea,2016,4,PreMonsoon,1.6,16.0,350,30.2,21.0,DERIVED_INCOIS_IMD_CLIMATOLOGY
Andaman_Sea,2017,4,PreMonsoon,0.96,18.5,156,28.4,22.0,DERIVED_INCOIS_IMD_CLIMATOLOGY
Andaman_Sea,2018,4,PreMonsoon,1.48,9.4,24,27.6,5.5,DERIVED_INCOIS_IMD_CLIMATOLOGY
Andaman_Sea,2019,4,PreMonsoon,1.24,21.6,339,28.1,15.5,DERIVED_INCOIS_IMD_CLIMATOLOGY
Andaman_Sea,2020,4,PreMonsoon,1.54,10.6,324,28.0,21.4,DERIVED_INCOIS_IMD_CLIMATOLOGY
Andaman_Sea,2021,4,PreMonsoon,1.66,4.0,187,29.0,18.4,DERIVED_INCOIS_IMD_CLIMATOLOGY
Andaman_Sea,2022,4,PreMonsoon,1.17,19.3,317,28.4,5.7,DERIVED_INCOIS_IMD_CLIMATOLOGY
Andaman_Sea,2023,4,PreMonsoon,0.73,10.5,278,28.0,14.9,DERIVED_INCOIS_IMD_CLIMATOLOGY
Andaman_Sea,2015,5,PreMonsoon,1.19,13.4,336,30.1,18.3,DERIVED_INCOIS_IMD_CLIMATOLOGY
Andaman_Sea,2016,5,PreMonsoon,2.02,12.0,173,29.5,16.9,DERIVED_INCOIS_IMD_CLIMATOLOGY
Andaman_Sea,2017,5,PreMonsoon,1.93,13.4,211,29.9,7.7,DERIVED_INCOIS_IMD_CLIMATOLOGY
Andaman_Sea,2018,5,PreMonsoon,1.3,17.2,249,26.2,22.1,DERIVED_INCOIS_IMD_CLIMATOLOGY
Andaman_Sea,2019,5,PreMonsoon,1.68,14.8,261,26.1,23.3,DERIVED_INCOIS_IMD_CLIMATOLOGY
Andaman_Sea,2020,5,PreMonsoon,2.32,18.8,152,27.7,22.3,DERIVED_INCOIS_IMD_CLIMATOLOGY
Andaman_Sea,2021,5,PreMonsoon,1.71,16.9,186,30.1,16.0,DERIVED_INCOIS_IMD_CLIMATOLOGY
Andaman_Sea,2022,5,PreMonsoon,1.3,17.6,72,27.6,7.8,DERIVED_INCOIS_IMD_CLIMATOLOGY
Andaman_Sea,2023,5,PreMonsoon,1.93,18.5,233,30.4,23.5,DERIVED_INCOIS_IMD_CLIMATOLOGY
Andaman_Sea,2015,6,Monsoon,3.82,14.4,10,30.2,18.0,DERIVED_INCOIS_IMD_CLIMATOLOGY
Andaman_Sea,2016,6,Monsoon,3.82,29.5,158,31.4,22.6,DERIVED_INCOIS_IMD_CLIMATOLOGY
Andaman_Sea,2017,6,Monsoon,2.66,22.4,188,27.5,15.1,DERIVED_INCOIS_IMD_CLIMATOLOGY
Andaman_Sea,2018,6,Monsoon,1.69,21.6,359,29.1,6.1,DERIVED_INCOIS_IMD_CLIMATOLOGY
Andaman_Sea,2019,6,Monsoon,3.59,17.5,48,29.7,20.7,DERIVED_INCOIS_IMD_CLIMATOLOGY
Andaman_Sea,2020,6,Monsoon,3.81,34.1,101,28.1,18.2,DERIVED_INCOIS_IMD_CLIMATOLOGY
Andaman_Sea,2021,6,Monsoon,3.41,25.1,309,29.2,6.7,DERIVED_INCOIS_IMD_CLIMATOLOGY
Andaman_Sea,2022,6,Monsoon,3.25,26.5,154,29.4,16.2,DERIVED_INCOIS_IMD_CLIMATOLOGY
Andaman_Sea,2023,6,Monsoon,1.04,20.3,295,29.4,11.6,DERIVED_INCOIS_IMD_CLIMATOLOGY
Andaman_Sea,2015,7,Monsoon,3.33,23.7,214,27.6,8.8,DERIVED_INCOIS_IMD_CLIMATOLOGY
Andaman_Sea,2016,7,Monsoon,3.59,16.3,214,31.3,11.7,DERIVED_INCOIS_IMD_CLIMATOLOGY
Andaman_Sea,2017,7,Monsoon,3.44,24.7,94,30.9,18.8,DERIVED_INCOIS_IMD_CLIMATOLOGY
Andaman_Sea,2018,7,Monsoon,2.73,24.0,118,26.2,24.8,DERIVED_INCOIS_IMD_CLIMATOLOGY
Andaman_Sea,2019,7,Monsoon,2.98,18.2,71,26.1,20.8,DERIVED_INCOIS_IMD_CLIMATOLOGY
Andaman_Sea,2020,7,Monsoon,4.7,20.0,324,26.0,10.8,DERIVED_INCOIS_IMD_CLIMATOLOGY
Andaman_Sea,2021,7,Monsoon,3.18,21.0,25,27.8,11.2,DERIVED_INCOIS_IMD_CLIMATOLOGY
Andaman_Sea,2022,7,Monsoon,1.82,19.2,223,28.7,16.0,DERIVED_INCOIS_IMD_CLIMATOLOGY
Andaman_Sea,2023,7,Monsoon,3.68,18.6,248,31.0,23.2,DERIVED_INCOIS_IMD_CLIMATOLOGY
Andaman_Sea,2015,8,Monsoon,3.52,28.9,155,28.7,19.1,DERIVED_INCOIS_IMD_CLIMATOLOGY
Andaman_Sea,2016,8,Monsoon,1.99,16.5,197,30.5,18.5,DERIVED_INCOIS_IMD_CLIMATOLOGY
Andaman_Sea,2017,8,Monsoon,4.54,27.0,251,29.0,16.8,DERIVED_INCOIS_IMD_CLIMATOLOGY
Andaman_Sea,2018,8,Monsoon,3.17,10.8,190,26.8,21.3,DERIVED_INCOIS_IMD_CLIMATOLOGY
Andaman_Sea,2019,8,Monsoon,2.32,24.4,219,28.4,22.1,DERIVED_INCOIS_IMD_CLIMATOLOGY
Andaman_Sea,2020,8,Monsoon,3.31,31.4,138,29.9,19.4,DERIVED_INCOIS_IMD_CLIMATOLOGY
Andaman_Sea,2021,8,Monsoon,2.42,40.9,0,30.9,18.6,DERIVED_INCOIS_IMD_CLIMATOLOGY
Andaman_Sea,2022,8,Monsoon,3.62,35.3,216,31.9,24.4,DERIVED_INCOIS_IMD_CLIMATOLOGY
Andaman_Sea,2023,8,Monsoon,2.93,24.6,254,29.7,8.4,DERIVED_INCOIS_IMD_CLIMATOLOGY
Andaman_Sea,2015,9,Monsoon,2.68,24.6,190,31.2,7.2,DERIVED_INCOIS_IMD_CLIMATOLOGY
Andaman_Sea,2016,9,Monsoon,3.24,24.4,187,28.6,7.2,DERIVED_INCOIS_IMD_CLIMATOLOGY
Andaman_Sea,2017,9,Monsoon,2.94,21.5,348,26.3,5.3,DERIVED_INCOIS_IMD_CLIMATOLOGY
Andaman_Sea,2018,9,Monsoon,1.93,28.2,174,30.2,20.9,DERIVED_INCOIS_IMD_CLIMATOLOGY
Andaman_Sea,2019,9,Monsoon,4.37,18.9,292,27.8,22.8,DERIVED_INCOIS_IMD_CLIMATOLOGY
Andaman_Sea,2020,9,Monsoon,3.82,24.6,55,27.4,11.6,DERIVED_INCOIS_IMD_CLIMATOLOGY
Andaman_Sea,2021,9,Monsoon,2.1,26.9,350,26.7,22.0,DERIVED_INCOIS_IMD_CLIMATOLOGY
Andaman_Sea,2022,9,Monsoon,4.34,29.6,359,28.1,15.4,DERIVED_INCOIS_IMD_CLIMATOLOGY
Andaman_Sea,2023,9,Monsoon,4.08,27.3,338,31.6,17.5,DERIVED_INCOIS_IMD_CLIMATOLOGY
Andaman_Sea,2015,10,PostMonsoon,1.69,20.6,179,29.0,23.1,DERIVED_INCOIS_IMD_CLIMATOLOGY
Andaman_Sea,2016,10,PostMonsoon,2.24,19.9,115,31.2,14.7,DERIVED_INCOIS_IMD_CLIMATOLOGY
Andaman_Sea,2017,10,PostMonsoon,2.17,17.1,292,30.6,7.8,DERIVED_INCOIS_IMD_CLIMATOLOGY
Andaman_Sea,2018,10,PostMonsoon,1.19,12.2,101,28.3,21.4,DERIVED_INCOIS_IMD_CLIMATOLOGY
Andaman_Sea,2019,10,PostMonsoon,1.78,20.0,116,26.4,20.3,DERIVED_INCOIS_IMD_CLIMATOLOGY
Andaman_Sea,2020,10,PostMonsoon,2.1,15.0,212,31.5,21.0,DERIVED_INCOIS_IMD_CLIMATOLOGY
Andaman_Sea,2021,10,PostMonsoon,1.88,22.6,260,30.7,10.9,DERIVED_INCOIS_IMD_CLIMATOLOGY
Andaman_Sea,2022,10,PostMonsoon,2.07,11.9,82,26.5,5.9,DERIVED_INCOIS_IMD_CLIMATOLOGY
Andaman_Sea,2023,10,PostMonsoon,2.34,17.4,290,28.6,10.7,DERIVED_INCOIS_IMD_CLIMATOLOGY
Andaman_Sea,2015,11,PostMonsoon,1.77,16.1,355,31.6,5.1,DERIVED_INCOIS_IMD_CLIMATOLOGY
Andaman_Sea,2016,11,PostMonsoon,1.64,9.7,79,27.2,9.5,DERIVED_INCOIS_IMD_CLIMATOLOGY
Andaman_Sea,2017,11,PostMonsoon,1.99,10.7,186,31.3,17.1,DERIVED_INCOIS_IMD_CLIMATOLOGY
Andaman_Sea,2018,11,PostMonsoon,1.71,21.2,221,27.0,11.4,DERIVED_INCOIS_IMD_CLIMATOLOGY
Andaman_Sea,2019,11,PostMonsoon,1.13,19.8,88,28.7,21.7,DERIVED_INCOIS_IMD_CLIMATOLOGY
Andaman_Sea,2020,11,PostMonsoon,1.89,17.4,99,31.3,18.4,DERIVED_INCOIS_IMD_CLIMATOLOGY
Andaman_Sea,2021,11,PostMonsoon,1.67,13.4,73,31.8,17.0,DERIVED_INCOIS_IMD_CLIMATOLOGY
Andaman_Sea,2022,11,PostMonsoon,2.08,13.0,38,26.4,21.4,DERIVED_INCOIS_IMD_CLIMATOLOGY
Andaman_Sea,2023,11,PostMonsoon,0.95,19.7,181,27.7,5.6,DERIVED_INCOIS_IMD_CLIMATOLOGY
Andaman_Sea,2015,12,Winter,1.17,9.5,192,26.3,20.1,DERIVED_INCOIS_IMD_CLIMATOLOGY
Andaman_Sea,2016,12,Winter,0.62,11.5,98,31.2,10.9,DERIVED_INCOIS_IMD_CLIMATOLOGY
Andaman_Sea,2017,12,Winter,0.64,13.5,88,27.2,11.4,DERIVED_INCOIS_IMD_CLIMATOLOGY
Andaman_Sea,2018,12,Winter,1.24,13.1,320,31.3,6.1,DERIVED_INCOIS_IMD_CLIMATOLOGY
Andaman_Sea,2019,12,Winter,0.43,13.0,150,31.3,18.6,DERIVED_INCOIS_IMD_CLIMATOLOGY
Andaman_Sea,2020,12,Winter,0.6,13.9,122,26.8,12.6,DERIVED_INCOIS_IMD_CLIMATOLOGY
Andaman_Sea,2021,12,Winter,1.09,18.1,76,29.7,10.9,DERIVED_INCOIS_IMD_CLIMATOLOGY
Andaman_Sea,2022,12,Winter,0.76,10.4,282,27.9,16.4,DERIVED_INCOIS_IMD_CLIMATOLOGY
Andaman_Sea,2023,12,Winter,1.13,10.9,316,30.4,8.4,DERIVED_INCOIS_IMD_CLIMATOLOGY
Gulf_of_Khambhat,2015,1,Winter,0.83,6.7,32,26.6,12.0,DERIVED_INCOIS_IMD_CLIMATOLOGY
Gulf_of_Khambhat,2016,1,Winter,0.58,16.4,66,28.3,5.8,DERIVED_INCOIS_IMD_CLIMATOLOGY
Gulf_of_Khambhat,2017,1,Winter,0.51,16.4,283,30.5,13.5,DERIVED_INCOIS_IMD_CLIMATOLOGY
Gulf_of_Khambhat,2018,1,Winter,0.77,10.3,195,26.1,13.6,DERIVED_INCOIS_IMD_CLIMATOLOGY
Gulf_of_Khambhat,2019,1,Winter,1.04,6.4,151,30.1,6.2,DERIVED_INCOIS_IMD_CLIMATOLOGY
Gulf_of_Khambhat,2020,1,Winter,1.1,11.2,206,30.0,13.8,DERIVED_INCOIS_IMD_CLIMATOLOGY
Gulf_of_Khambhat,2021,1,Winter,0.73,15.2,66,32.0,20.1,DERIVED_INCOIS_IMD_CLIMATOLOGY
Gulf_of_Khambhat,2022,1,Winter,0.72,15.7,273,30.4,21.0,DERIVED_INCOIS_IMD_CLIMATOLOGY
Gulf_of_Khambhat,2023,1,Winter,1.36,10.0,59,29.1,22.0,DERIVED_INCOIS_IMD_CLIMATOLOGY
Gulf_of_Khambhat,2015,2,Winter,0.92,16.0,229,30.8,24.2,DERIVED_INCOIS_IMD_CLIMATOLOGY
Gulf_of_Khambhat,2016,2,Winter,0.53,17.0,36,31.6,23.1,DERIVED_INCOIS_IMD_CLIMATOLOGY
Gulf_of_Khambhat,2017,2,Winter,0.56,16.3,272,27.0,24.5,DERIVED_INCOIS_IMD_CLIMATOLOGY
Gulf_of_Khambhat,2018,2,Winter,1.02,16.3,345,28.6,9.2,DERIVED_INCOIS_IMD_CLIMATOLOGY
Gulf_of_Khambhat,2019,2,Winter,1.19,13.0,286,29.1,6.8,DERIVED_INCOIS_IMD_CLIMATOLOGY
Gulf_of_Khambhat,2020,2,Winter,0.73,12.0,309,27.9,9.0,DERIVED_INCOIS_IMD_CLIMATOLOGY
Gulf_of_Khambhat,2021,2,Winter,1.09,11.5,315,28.7,20.0,DERIVED_INCOIS_IMD_CLIMATOLOGY
Gulf_of_Khambhat,2022,2,Winter,0.67,6.8,173,27.7,23.6,DERIVED_INCOIS_IMD_CLIMATOLOGY
Gulf_of_Khambhat,2023,2,Winter,1.17,6.2,94,28.0,6.8,DERIVED_INCOIS_IMD_CLIMATOLOGY
Gulf_of_Khambhat,2015,3,PreMonsoon,1.08,17.4,153,29.1,11.7,DERIVED_INCOIS_IMD_CLIMATOLOGY
Gulf_of_Khambhat,2016,3,PreMonsoon,1.72,15.5,284,31.6,24.2,DERIVED_INCOIS_IMD_CLIMATOLOGY
Gulf_of_Khambhat,2017,3,PreMonsoon,1.61,10.1,168,28.9,19.1,DERIVED_INCOIS_IMD_CLIMATOLOGY
Gulf_of_Khambhat,2018,3,PreMonsoon,1.79,14.7,285,31.8,6.7,DERIVED_INCOIS_IMD_CLIMATOLOGY
Gulf_of_Khambhat,2019,3,PreMonsoon,2.01,11.8,150,29.1,23.6,DERIVED_INCOIS_IMD_CLIMATOLOGY
Gulf_of_Khambhat,2020,3,PreMonsoon,1.01,14.8,81,28.1,19.0,DERIVED_INCOIS_IMD_CLIMATOLOGY
Gulf_of_Khambhat,2021,3,PreMonsoon,1.19,17.1,3,26.9,16.2,DERIVED_INCOIS_IMD_CLIMATOLOGY
Gulf_of_Khambhat,2022,3,PreMonsoon,1.44,13.9,8,30.7,13.3,DERIVED_INCOIS_IMD_CLIMATOLOGY
Gulf_of_Khambhat,2023,3,PreMonsoon,1.44,15.3,98,27.9,8.6,DERIVED_INCOIS_IMD_CLIMATOLOGY
Gulf_of_Khambhat,2015,4,PreMonsoon,1.68,16.8,74,30.0,17.6,DERIVED_INCOIS_IMD_CLIMATOLOGY
Gulf_of_Khambhat,2016,4,PreMonsoon,1.78,18.7,337,26.8,16.3,DERIVED_INCOIS_IMD_CLIMATOLOGY
Gulf_of_Khambhat,2017,4,PreMonsoon,1.59,17.5,204,28.3,13.6,DERIVED_INCOIS_IMD_CLIMATOLOGY
Gulf_of_Khambhat,2018,4,PreMonsoon,1.21,17.8,288,30.6,17.6,DERIVED_INCOIS_IMD_CLIMATOLOGY
Gulf_of_Khambhat,2019,4,PreMonsoon,1.32,13.0,302,30.3,15.9,DERIVED_INCOIS_IMD_CLIMATOLOGY
Gulf_of_Khambhat,2020,4,PreMonsoon,1.31,8.7,289,29.7,14.5,DERIVED_INCOIS_IMD_CLIMATOLOGY
Gulf_of_Khambhat,2021,4,PreMonsoon,2.62,13.5,336,28.8,10.8,DERIVED_INCOIS_IMD_CLIMATOLOGY
Gulf_of_Khambhat,2022,4,PreMonsoon,1.21,20.2,354,30.8,10.7,DERIVED_INCOIS_IMD_CLIMATOLOGY
Gulf_of_Khambhat,2023,4,PreMonsoon,1.8,14.1,14,29.9,17.2,DERIVED_INCOIS_IMD_CLIMATOLOGY
Gulf_of_Khambhat,2015,5,PreMonsoon,1.44,9.9,229,27.4,10.7,DERIVED_INCOIS_IMD_CLIMATOLOGY
Gulf_of_Khambhat,2016,5,PreMonsoon,1.8,16.2,253,28.2,12.8,DERIVED_INCOIS_IMD_CLIMATOLOGY
Gulf_of_Khambhat,2017,5,PreMonsoon,1.97,18.7,136,28.6,19.1,DERIVED_INCOIS_IMD_CLIMATOLOGY
Gulf_of_Khambhat,2018,5,PreMonsoon,1.32,9.6,289,26.2,18.5,DERIVED_INCOIS_IMD_CLIMATOLOGY
Gulf_of_Khambhat,2019,5,PreMonsoon,1.94,11.3,199,29.4,10.1,DERIVED_INCOIS_IMD_CLIMATOLOGY
Gulf_of_Khambhat,2020,5,PreMonsoon,0.75,16.5,116,28.2,9.1,DERIVED_INCOIS_IMD_CLIMATOLOGY
Gulf_of_Khambhat,2021,5,PreMonsoon,2.04,22.3,209,28.5,5.0,DERIVED_INCOIS_IMD_CLIMATOLOGY
Gulf_of_Khambhat,2022,5,PreMonsoon,2.21,13.0,359,28.5,19.3,DERIVED_INCOIS_IMD_CLIMATOLOGY
Gulf_of_Khambhat,2023,5,PreMonsoon,1.35,17.9,316,31.8,5.8,DERIVED_INCOIS_IMD_CLIMATOLOGY
Gulf_of_Khambhat,2015,6,Monsoon,1.87,17.7,166,31.6,10.1,DERIVED_INCOIS_IMD_CLIMATOLOGY
Gulf_of_Khambhat,2016,6,Monsoon,2.94,19.5,173,29.1,23.5,DERIVED_INCOIS_IMD_CLIMATOLOGY
Gulf_of_Khambhat,2017,6,Monsoon,1.1,19.0,185,28.4,7.7,DERIVED_INCOIS_IMD_CLIMATOLOGY
Gulf_of_Khambhat,2018,6,Monsoon,3.52,25.6,264,30.2,15.6,DERIVED_INCOIS_IMD_CLIMATOLOGY
Gulf_of_Khambhat,2019,6,Monsoon,4.12,19.6,291,31.3,15.9,DERIVED_INCOIS_IMD_CLIMATOLOGY
Gulf_of_Khambhat,2020,6,Monsoon,4.45,22.2,10,31.2,12.7,DERIVED_INCOIS_IMD_CLIMATOLOGY
Gulf_of_Khambhat,2021,6,Monsoon,3.03,22.0,170,29.1,15.9,DERIVED_INCOIS_IMD_CLIMATOLOGY
Gulf_of_Khambhat,2022,6,Monsoon,3.38,25.4,176,31.2,11.9,DERIVED_INCOIS_IMD_CLIMATOLOGY
Gulf_of_Khambhat,2023,6,Monsoon,3.06,19.4,78,29.4,15.7,DERIVED_INCOIS_IMD_CLIMATOLOGY
Gulf_of_Khambhat,2015,7,Monsoon,3.66,23.2,34,29.2,16.7,DERIVED_INCOIS_IMD_CLIMATOLOGY
Gulf_of_Khambhat,2016,7,Monsoon,3.13,25.8,327,29.0,10.3,DERIVED_INCOIS_IMD_CLIMATOLOGY
Gulf_of_Khambhat,2017,7,Monsoon,1.33,23.4,145,26.6,6.5,DERIVED_INCOIS_IMD_CLIMATOLOGY
Gulf_of_Khambhat,2018,7,Monsoon,3.67,19.5,179,29.6,8.6,DERIVED_INCOIS_IMD_CLIMATOLOGY
Gulf_of_Khambhat,2019,7,Monsoon,3.27,12.8,267,31.3,10.9,DERIVED_INCOIS_IMD_CLIMATOLOGY
Gulf_of_Khambhat,2020,7,Monsoon,3.52,16.7,32,31.7,19.3,DERIVED_INCOIS_IMD_CLIMATOLOGY
Gulf_of_Khambhat,2021,7,Monsoon,4.51,13.7,72,31.7,7.1,DERIVED_INCOIS_IMD_CLIMATOLOGY
Gulf_of_Khambhat,2022,7,Monsoon,3.45,27.4,356,26.8,18.9,DERIVED_INCOIS_IMD_CLIMATOLOGY
Gulf_of_Khambhat,2023,7,Monsoon,2.81,16.7,120,29.0,8.2,DERIVED_INCOIS_IMD_CLIMATOLOGY
Gulf_of_Khambhat,2015,8,Monsoon,2.3,25.9,32,31.7,7.9,DERIVED_INCOIS_IMD_CLIMATOLOGY
Gulf_of_Khambhat,2016,8,Monsoon,2.81,32.4,208,27.2,6.1,DERIVED_INCOIS_IMD_CLIMATOLOGY
Gulf_of_Khambhat,2017,8,Monsoon,3.24,18.1,27,29.9,6.7,DERIVED_INCOIS_IMD_CLIMATOLOGY
Gulf_of_Khambhat,2018,8,Monsoon,2.62,16.7,75,28.2,6.4,DERIVED_INCOIS_IMD_CLIMATOLOGY
Gulf_of_Khambhat,2019,8,Monsoon,3.7,14.4,84,31.9,24.9,DERIVED_INCOIS_IMD_CLIMATOLOGY
Gulf_of_Khambhat,2020,8,Monsoon,2.69,25.9,259,27.9,9.8,DERIVED_INCOIS_IMD_CLIMATOLOGY
Gulf_of_Khambhat,2021,8,Monsoon,3.02,14.3,29,28.7,11.8,DERIVED_INCOIS_IMD_CLIMATOLOGY
Gulf_of_Khambhat,2022,8,Monsoon,2.36,17.8,96,31.1,9.8,DERIVED_INCOIS_IMD_CLIMATOLOGY
Gulf_of_Khambhat,2023,8,Monsoon,2.82,16.1,128,29.0,8.0,DERIVED_INCOIS_IMD_CLIMATOLOGY
Gulf_of_Khambhat,2015,9,Monsoon,2.95,20.1,103,27.0,23.6,DERIVED_INCOIS_IMD_CLIMATOLOGY
Gulf_of_Khambhat,2016,9,Monsoon,2.95,17.4,94,29.3,10.0,DERIVED_INCOIS_IMD_CLIMATOLOGY
Gulf_of_Khambhat,2017,9,Monsoon,3.91,28.7,116,27.3,8.9,DERIVED_INCOIS_IMD_CLIMATOLOGY
Gulf_of_Khambhat,2018,9,Monsoon,2.35,28.5,259,30.8,23.9,DERIVED_INCOIS_IMD_CLIMATOLOGY
Gulf_of_Khambhat,2019,9,Monsoon,3.52,25.3,216,31.4,15.2,DERIVED_INCOIS_IMD_CLIMATOLOGY
Gulf_of_Khambhat,2020,9,Monsoon,4.38,24.7,172,29.3,7.5,DERIVED_INCOIS_IMD_CLIMATOLOGY
Gulf_of_Khambhat,2021,9,Monsoon,3.36,28.2,295,28.3,21.4,DERIVED_INCOIS_IMD_CLIMATOLOGY
Gulf_of_Khambhat,2022,9,Monsoon,1.62,23.7,304,26.8,23.5,DERIVED_INCOIS_IMD_CLIMATOLOGY
Gulf_of_Khambhat,2023,9,Monsoon,5.11,23.6,237,27.6,12.3,DERIVED_INCOIS_IMD_CLIMATOLOGY
Gulf_of_Khambhat,2015,10,PostMonsoon,0.8,13.0,86,30.0,15.9,DERIVED_INCOIS_IMD_CLIMATOLOGY
Gulf_of_Khambhat,2016,10,PostMonsoon,1.39,21.2,114,27.8,24.1,DERIVED_INCOIS_IMD_CLIMATOLOGY
Gulf_of_Khambhat,2017,10,PostMonsoon,1.68,12.8,305,31.8,19.1,DERIVED_INCOIS_IMD_CLIMATOLOGY
Gulf_of_Khambhat,2018,10,PostMonsoon,1.49,11.9,75,30.7,10.6,DERIVED_INCOIS_IMD_CLIMATOLOGY
Gulf_of_Khambhat,2019,10,PostMonsoon,2.65,13.3,42,27.1,12.9,DERIVED_INCOIS_IMD_CLIMATOLOGY
Gulf_of_Khambhat,2020,10,PostMonsoon,1.67,19.0,359,26.2,13.1,DERIVED_INCOIS_IMD_CLIMATOLOGY
Gulf_of_Khambhat,2021,10,PostMonsoon,1.62,10.5,62,26.9,14.0,DERIVED_INCOIS_IMD_CLIMATOLOGY
Gulf_of_Khambhat,2022,10,PostMonsoon,1.24,17.8,105,27.9,15.8,DERIVED_INCOIS_IMD_CLIMATOLOGY
Gulf_of_Khambhat,2023,10,PostMonsoon,1.28,14.8,262,29.7,6.5,DERIVED_INCOIS_IMD_CLIMATOLOGY
Gulf_of_Khambhat,2015,11,PostMonsoon,1.46,20.0,268,31.0,8.7,DERIVED_INCOIS_IMD_CLIMATOLOGY
Gulf_of_Khambhat,2016,11,PostMonsoon,1.93,19.6,275,29.5,17.4,DERIVED_INCOIS_IMD_CLIMATOLOGY
Gulf_of_Khambhat,2017,11,PostMonsoon,2.51,14.8,158,30.0,16.2,DERIVED_INCOIS_IMD_CLIMATOLOGY
Gulf_of_Khambhat,2018,11,PostMonsoon,2.38,17.4,106,26.6,19.2,DERIVED_INCOIS_IMD_CLIMATOLOGY
Gulf_of_Khambhat,2019,11,PostMonsoon,2.66,16.7,176,27.9,21.6,DERIVED_INCOIS_IMD_CLIMATOLOGY
Gulf_of_Khambhat,2020,11,PostMonsoon,1.64,16.0,186,30.6,10.4,DERIVED_INCOIS_IMD_CLIMATOLOGY
Gulf_of_Khambhat,2021,11,PostMonsoon,1.12,9.8,346,28.9,24.0,DERIVED_INCOIS_IMD_CLIMATOLOGY
Gulf_of_Khambhat,2022,11,PostMonsoon,2.12,15.3,114,28.3,24.9,DERIVED_INCOIS_IMD_CLIMATOLOGY
Gulf_of_Khambhat,2023,11,PostMonsoon,1.57,18.3,290,30.8,23.2,DERIVED_INCOIS_IMD_CLIMATOLOGY
Gulf_of_Khambhat,2015,12,Winter,1.66,11.9,172,28.6,15.2,DERIVED_INCOIS_IMD_CLIMATOLOGY
Gulf_of_Khambhat,2016,12,Winter,1.03,11.5,44,31.1,19.2,DERIVED_INCOIS_IMD_CLIMATOLOGY
Gulf_of_Khambhat,2017,12,Winter,0.96,11.5,181,29.2,5.7,DERIVED_INCOIS_IMD_CLIMATOLOGY
Gulf_of_Khambhat,2018,12,Winter,1.02,14.7,153,26.2,18.8,DERIVED_INCOIS_IMD_CLIMATOLOGY
Gulf_of_Khambhat,2019,12,Winter,1.17,13.1,91,27.5,15.8,DERIVED_INCOIS_IMD_CLIMATOLOGY
Gulf_of_Khambhat,2020,12,Winter,1.26,14.1,258,26.0,23.2,DERIVED_INCOIS_IMD_CLIMATOLOGY
Gulf_of_Khambhat,2021,12,Winter,1.32,10.0,209,27.2,15.5,DERIVED_INCOIS_IMD_CLIMATOLOGY
Gulf_of_Khambhat,2022,12,Winter,1.12,9.5,113,29.8,10.0,DERIVED_INCOIS_IMD_CLIMATOLOGY
Gulf_of_Khambhat,2023,12,Winter,0.93,11.5,142,29.2,14.2,DERIVED_INCOIS_IMD_CLIMATOLOGY
Gulf_of_Kutch,2015,1,Winter,0.64,9.5,108,27.8,20.8,DERIVED_INCOIS_IMD_CLIMATOLOGY
Gulf_of_Kutch,2016,1,Winter,0.85,15.3,358,31.9,18.1,DERIVED_INCOIS_IMD_CLIMATOLOGY
Gulf_of_Kutch,2017,1,Winter,0.89,15.1,277,30.2,14.7,DERIVED_INCOIS_IMD_CLIMATOLOGY
Gulf_of_Kutch,2018,1,Winter,0.87,14.3,45,26.6,7.7,DERIVED_INCOIS_IMD_CLIMATOLOGY
Gulf_of_Kutch,2019,1,Winter,0.77,8.4,84,30.3,16.0,DERIVED_INCOIS_IMD_CLIMATOLOGY
Gulf_of_Kutch,2020,1,Winter,1.25,13.3,29,29.1,7.3,DERIVED_INCOIS_IMD_CLIMATOLOGY
Gulf_of_Kutch,2021,1,Winter,1.05,9.7,322,27.2,21.1,DERIVED_INCOIS_IMD_CLIMATOLOGY
Gulf_of_Kutch,2022,1,Winter,0.3,15.8,36,30.5,20.0,DERIVED_INCOIS_IMD_CLIMATOLOGY
Gulf_of_Kutch,2023,1,Winter,1.17,13.7,193,27.2,19.0,DERIVED_INCOIS_IMD_CLIMATOLOGY
Gulf_of_Kutch,2015,2,Winter,0.82,15.4,161,26.7,16.4,DERIVED_INCOIS_IMD_CLIMATOLOGY
Gulf_of_Kutch,2016,2,Winter,0.78,10.1,121,31.9,18.7,DERIVED_INCOIS_IMD_CLIMATOLOGY
Gulf_of_Kutch,2017,2,Winter,1.22,11.7,25,28.0,8.1,DERIVED_INCOIS_IMD_CLIMATOLOGY
Gulf_of_Kutch,2018,2,Winter,0.94,9.1,256,27.1,16.1,DERIVED_INCOIS_IMD_CLIMATOLOGY
Gulf_of_Kutch,2019,2,Winter,0.98,8.8,217,26.2,19.6,DERIVED_INCOIS_IMD_CLIMATOLOGY
Gulf_of_Kutch,2020,2,Winter,1.06,9.0,200,28.3,22.4,DERIVED_INCOIS_IMD_CLIMATOLOGY
Gulf_of_Kutch,2021,2,Winter,0.94,12.9,61,30.7,21.6,DERIVED_INCOIS_IMD_CLIMATOLOGY
Gulf_of_Kutch,2022,2,Winter,0.45,12.3,190,27.6,22.1,DERIVED_INCOIS_IMD_CLIMATOLOGY
Gulf_of_Kutch,2023,2,Winter,0.88,16.4,258,30.8,11.8,DERIVED_INCOIS_IMD_CLIMATOLOGY
Gulf_of_Kutch,2015,3,PreMonsoon,1.23,12.8,164,31.1,6.4,DERIVED_INCOIS_IMD_CLIMATOLOGY
Gulf_of_Kutch,2016,3,PreMonsoon,1.68,9.7,191,31.7,10.6,DERIVED_INCOIS_IMD_CLIMATOLOGY
Gulf_of_Kutch,2017,3,PreMonsoon,0.96,14.1,156,30.9,18.7,DERIVED_INCOIS_IMD_CLIMATOLOGY
Gulf_of_Kutch,2018,3,PreMonsoon,1.46,17.0,101,30.9,20.9,DERIVED_INCOIS_IMD_CLIMATOLOGY
Gulf_of_Kutch,2019,3,PreMonsoon,1.53,12.0,252,27.3,5.8,DERIVED_INCOIS_IMD_CLIMATOLOGY
Gulf_of_Kutch,2020,3,PreMonsoon,1.63,6.6,310,27.7,19.0,DERIVED_INCOIS_IMD_CLIMATOLOGY
Gulf_of_Kutch,2021,3,PreMonsoon,1.53,9.3,46,26.8,22.9,DERIVED_INCOIS_IMD_CLIMATOLOGY
Gulf_of_Kutch,2022,3,PreMonsoon,1.66,13.5,221,27.3,24.9,DERIVED_INCOIS_IMD_CLIMATOLOGY
Gulf_of_Kutch,2023,3,PreMonsoon,1.9,18.3,93,26.4,16.8,DERIVED_INCOIS_IMD_CLIMATOLOGY
Gulf_of_Kutch,2015,4,PreMonsoon,1.16,16.1,23,28.7,16.8,DERIVED_INCOIS_IMD_CLIMATOLOGY
Gulf_of_Kutch,2016,4,PreMonsoon,1.63,11.8,295,30.3,24.9,DERIVED_INCOIS_IMD_CLIMATOLOGY
Gulf_of_Kutch,2017,4,PreMonsoon,2.06,14.0,169,26.8,16.1,DERIVED_INCOIS_IMD_CLIMATOLOGY
Gulf_of_Kutch,2018,4,PreMonsoon,1.95,13.6,5,29.1,21.0,DERIVED_INCOIS_IMD_CLIMATOLOGY
Gulf_of_Kutch,2019,4,PreMonsoon,1.45,14.5,225,29.7,23.7,DERIVED_INCOIS_IMD_CLIMATOLOGY
Gulf_of_Kutch,2020,4,PreMonsoon,1.69,21.9,271,30.9,16.0,DERIVED_INCOIS_IMD_CLIMATOLOGY
Gulf_of_Kutch,2021,4,PreMonsoon,2.81,10.2,142,27.2,16.0,DERIVED_INCOIS_IMD_CLIMATOLOGY
Gulf_of_Kutch,2022,4,PreMonsoon,1.66,22.8,135,31.5,7.0,DERIVED_INCOIS_IMD_CLIMATOLOGY
Gulf_of_Kutch,2023,4,PreMonsoon,1.78,11.2,302,28.8,21.8,DERIVED_INCOIS_IMD_CLIMATOLOGY
Gulf_of_Kutch,2015,5,PreMonsoon,1.74,15.8,343,29.1,21.2,DERIVED_INCOIS_IMD_CLIMATOLOGY
Gulf_of_Kutch,2016,5,PreMonsoon,1.51,11.6,8,30.4,24.0,DERIVED_INCOIS_IMD_CLIMATOLOGY
Gulf_of_Kutch,2017,5,PreMonsoon,1.59,14.9,262,31.0,8.7,DERIVED_INCOIS_IMD_CLIMATOLOGY
Gulf_of_Kutch,2018,5,PreMonsoon,2.09,13.9,187,26.3,22.8,DERIVED_INCOIS_IMD_CLIMATOLOGY
Gulf_of_Kutch,2019,5,PreMonsoon,0.77,11.8,185,28.9,19.8,DERIVED_INCOIS_IMD_CLIMATOLOGY
Gulf_of_Kutch,2020,5,PreMonsoon,2.1,13.5,112,30.0,24.6,DERIVED_INCOIS_IMD_CLIMATOLOGY
Gulf_of_Kutch,2021,5,PreMonsoon,1.31,18.5,280,26.9,13.6,DERIVED_INCOIS_IMD_CLIMATOLOGY
Gulf_of_Kutch,2022,5,PreMonsoon,1.64,19.6,211,29.1,8.3,DERIVED_INCOIS_IMD_CLIMATOLOGY
Gulf_of_Kutch,2023,5,PreMonsoon,1.07,16.6,153,27.2,22.9,DERIVED_INCOIS_IMD_CLIMATOLOGY
Gulf_of_Kutch,2015,6,Monsoon,3.81,22.6,260,27.9,9.5,DERIVED_INCOIS_IMD_CLIMATOLOGY
Gulf_of_Kutch,2016,6,Monsoon,4.33,8.8,184,27.8,8.1,DERIVED_INCOIS_IMD_CLIMATOLOGY
Gulf_of_Kutch,2017,6,Monsoon,4.55,19.7,329,27.2,20.2,DERIVED_INCOIS_IMD_CLIMATOLOGY
Gulf_of_Kutch,2018,6,Monsoon,3.53,21.3,17,28.6,8.6,DERIVED_INCOIS_IMD_CLIMATOLOGY
Gulf_of_Kutch,2019,6,Monsoon,3.26,26.7,129,30.7,21.0,DERIVED_INCOIS_IMD_CLIMATOLOGY
Gulf_of_Kutch,2020,6,Monsoon,4.54,22.9,214,28.8,16.9,DERIVED_INCOIS_IMD_CLIMATOLOGY
Gulf_of_Kutch,2021,6,Monsoon,2.72,24.1,98,31.3,8.3,DERIVED_INCOIS_IMD_CLIMATOLOGY
Gulf_of_Kutch,2022,6,Monsoon,4.87,26.0,257,26.9,10.1,DERIVED_INCOIS_IMD_CLIMATOLOGY
Gulf_of_Kutch,2023,6,Monsoon,3.23,25.5,267,26.0,15.2,DERIVED_INCOIS_IMD_CLIMATOLOGY
Gulf_of_Kutch,2015,7,Monsoon,3.69,20.7,185,27.4,16.8,DERIVED_INCOIS_IMD_CLIMATOLOGY
Gulf_of_Kutch,2016,7,Monsoon,3.28,15.0,220,26.8,9.7,DERIVED_INCOIS_IMD_CLIMATOLOGY
Gulf_of_Kutch,2017,7,Monsoon,2.85,30.3,289,31.0,12.4,DERIVED_INCOIS_IMD_CLIMATOLOGY
Gulf_of_Kutch,2018,7,Monsoon,4.67,16.8,324,31.0,9.7,DERIVED_INCOIS_IMD_CLIMATOLOGY
Gulf_of_Kutch,2019,7,Monsoon,3.66,18.9,164,27.9,22.6,DERIVED_INCOIS_IMD_CLIMATOLOGY
Gulf_of_Kutch,2020,7,Monsoon,3.0,11.8,14,28.7,12.6,DERIVED_INCOIS_IMD_CLIMATOLOGY
Gulf_of_Kutch,2021,7,Monsoon,2.81,20.6,264,31.1,24.5,DERIVED_INCOIS_IMD_CLIMATOLOGY
Gulf_of_Kutch,2022,7,Monsoon,3.53,27.1,7,29.2,11.7,DERIVED_INCOIS_IMD_CLIMATOLOGY
Gulf_of_Kutch,2023,7,Monsoon,3.27,15.2,111,30.9,13.4,DERIVED_INCOIS_IMD_CLIMATOLOGY
Gulf_of_Kutch,2015,8,Monsoon,2.91,21.3,16,31.8,8.5,DERIVED_INCOIS_IMD_CLIMATOLOGY
Gulf_of_Kutch,2016,8,Monsoon,3.47,21.8,130,32.0,9.7,DERIVED_INCOIS_IMD_CLIMATOLOGY
Gulf_of_Kutch,2017,8,Monsoon,3.56,22.9,237,29.9,5.8,DERIVED_INCOIS_IMD_CLIMATOLOGY
Gulf_of_Kutch,2018,8,Monsoon,1.96,20.5,132,27.4,21.6,DERIVED_INCOIS_IMD_CLIMATOLOGY
Gulf_of_Kutch,2019,8,Monsoon,1.44,14.9,193,29.8,20.8,DERIVED_INCOIS_IMD_CLIMATOLOGY
Gulf_of_Kutch,2020,8,Monsoon,2.14,35.7,221,30.7,7.2,DERIVED_INCOIS_IMD_CLIMATOLOGY
Gulf_of_Kutch,2021,8,Monsoon,3.78,21.7,100,29.1,22.0,DERIVED_INCOIS_IMD_CLIMATOLOGY
Gulf_of_Kutch,2022,8,Monsoon,1.9,33.6,2,28.1,14.6,DERIVED_INCOIS_IMD_CLIMATOLOGY
Gulf_of_Kutch,2023,8,Monsoon,2.46,17.0,97,30.6,5.4,DERIVED_INCOIS_IMD_CLIMATOLOGY
Gulf_of_Kutch,2015,9,Monsoon,2.83,17.9,283,26.8,12.9,DERIVED_INCOIS_IMD_CLIMATOLOGY
Gulf_of_Kutch,2016,9,Monsoon,2.65,33.3,165,30.5,11.4,DERIVED_INCOIS_IMD_CLIMATOLOGY
Gulf_of_Kutch,2017,9,Monsoon,2.77,25.5,309,26.7,7.3,DERIVED_INCOIS_IMD_CLIMATOLOGY
Gulf_of_Kutch,2018,9,Monsoon,3.09,28.5,315,27.8,20.3,DERIVED_INCOIS_IMD_CLIMATOLOGY
Gulf_of_Kutch,2019,9,Monsoon,2.51,31.4,195,30.6,22.0,DERIVED_INCOIS_IMD_CLIMATOLOGY
Gulf_of_Kutch,2020,9,Monsoon,4.13,28.6,148,30.3,18.6,DERIVED_INCOIS_IMD_CLIMATOLOGY
Gulf_of_Kutch,2021,9,Monsoon,2.4,28.4,242,27.9,18.1,DERIVED_INCOIS_IMD_CLIMATOLOGY
Gulf_of_Kutch,2022,9,Monsoon,2.0,23.7,277,26.5,18.3,DERIVED_INCOIS_IMD_CLIMATOLOGY
Gulf_of_Kutch,2023,9,Monsoon,3.5,35.4,331,26.2,24.8,DERIVED_INCOIS_IMD_CLIMATOLOGY
Gulf_of_Kutch,2015,10,PostMonsoon,1.1,12.2,17,27.6,24.6,DERIVED_INCOIS_IMD_CLIMATOLOGY
Gulf_of_Kutch,2016,10,PostMonsoon,1.78,11.9,166,26.4,18.7,DERIVED_INCOIS_IMD_CLIMATOLOGY
Gulf_of_Kutch,2017,10,PostMonsoon,1.81,21.6,102,27.5,19.9,DERIVED_INCOIS_IMD_CLIMATOLOGY
Gulf_of_Kutch,2018,10,PostMonsoon,1.68,10.6,142,30.2,24.8,DERIVED_INCOIS_IMD_CLIMATOLOGY
Gulf_of_Kutch,2019,10,PostMonsoon,1.49,14.9,8,30.9,8.2,DERIVED_INCOIS_IMD_CLIMATOLOGY
Gulf_of_Kutch,2020,10,PostMonsoon,1.99,15.8,76,29.3,16.5,DERIVED_INCOIS_IMD_CLIMATOLOGY
Gulf_of_Kutch,2021,10,PostMonsoon,2.07,16.0,13,27.0,12.3,DERIVED_INCOIS_IMD_CLIMATOLOGY
Gulf_of_Kutch,2022,10,PostMonsoon,1.39,17.2,110,26.5,14.8,DERIVED_INCOIS_IMD_CLIMATOLOGY
Gulf_of_Kutch,2023,10,PostMonsoon,1.46,18.1,295,30.7,22.0,DERIVED_INCOIS_IMD_CLIMATOLOGY
Gulf_of_Kutch,2015,11,PostMonsoon,2.18,17.6,195,29.0,23.3,DERIVED_INCOIS_IMD_CLIMATOLOGY
Gulf_of_Kutch,2016,11,PostMonsoon,1.91,16.2,276,27.4,14.9,DERIVED_INCOIS_IMD_CLIMATOLOGY
Gulf_of_Kutch,2017,11,PostMonsoon,1.27,17.7,145,31.9,13.7,DERIVED_INCOIS_IMD_CLIMATOLOGY
Gulf_of_Kutch,2018,11,PostMonsoon,1.43,12.1,76,28.4,17.5,DERIVED_INCOIS_IMD_CLIMATOLOGY
Gulf_of_Kutch,2019,11,PostMonsoon,1.56,7.4,132,30.2,11.4,DERIVED_INCOIS_IMD_CLIMATOLOGY
Gulf_of_Kutch,2020,11,PostMonsoon,2.34,10.8,234,26.6,24.5,DERIVED_INCOIS_IMD_CLIMATOLOGY
Gulf_of_Kutch,2021,11,PostMonsoon,2.6,19.0,26,28.8,11.5,DERIVED_INCOIS_IMD_CLIMATOLOGY
Gulf_of_Kutch,2022,11,PostMonsoon,1.67,15.3,243,29.3,13.9,DERIVED_INCOIS_IMD_CLIMATOLOGY
Gulf_of_Kutch,2023,11,PostMonsoon,1.85,19.8,233,29.8,23.0,DERIVED_INCOIS_IMD_CLIMATOLOGY
Gulf_of_Kutch,2015,12,Winter,0.48,8.8,337,27.2,10.3,DERIVED_INCOIS_IMD_CLIMATOLOGY
Gulf_of_Kutch,2016,12,Winter,1.02,15.1,224,27.6,18.0,DERIVED_INCOIS_IMD_CLIMATOLOGY
Gulf_of_Kutch,2017,12,Winter,0.79,16.3,117,30.1,8.5,DERIVED_INCOIS_IMD_CLIMATOLOGY
Gulf_of_Kutch,2018,12,Winter,1.54,7.5,44,28.8,5.8,DERIVED_INCOIS_IMD_CLIMATOLOGY
Gulf_of_Kutch,2019,12,Winter,1.09,8.7,0,31.5,9.3,DERIVED_INCOIS_IMD_CLIMATOLOGY
Gulf_of_Kutch,2020,12,Winter,1.08,6.4,72,30.8,7.5,DERIVED_INCOIS_IMD_CLIMATOLOGY
Gulf_of_Kutch,2021,12,Winter,0.3,15.7,303,31.3,7.1,DERIVED_INCOIS_IMD_CLIMATOLOGY
Gulf_of_Kutch,2022,12,Winter,1.3,10.0,104,31.5,14.1,DERIVED_INCOIS_IMD_CLIMATOLOGY
Gulf_of_Kutch,2023,12,Winter,1.49,13.1,247,28.5,21.2,DERIVED_INCOIS_IMD_CLIMATOLOGY
Palk_Strait,2015,1,Winter,0.62,13.9,161,26.2,10.6,DERIVED_INCOIS_IMD_CLIMATOLOGY
Palk_Strait,2016,1,Winter,1.15,12.4,110,26.7,7.6,DERIVED_INCOIS_IMD_CLIMATOLOGY
Palk_Strait,2017,1,Winter,1.19,13.3,123,30.4,24.9,DERIVED_INCOIS_IMD_CLIMATOLOGY
Palk_Strait,2018,1,Winter,0.6,12.9,273,28.7,22.1,DERIVED_INCOIS_IMD_CLIMATOLOGY
Palk_Strait,2019,1,Winter,1.11,9.3,262,30.4,22.1,DERIVED_INCOIS_IMD_CLIMATOLOGY
Palk_Strait,2020,1,Winter,0.89,14.4,88,28.4,14.6,DERIVED_INCOIS_IMD_CLIMATOLOGY
Palk_Strait,2021,1,Winter,0.91,13.4,172,28.7,11.8,DERIVED_INCOIS_IMD_CLIMATOLOGY
Palk_Strait,2022,1,Winter,0.86,14.5,351,26.5,13.6,DERIVED_INCOIS_IMD_CLIMATOLOGY
Palk_Strait,2023,1,Winter,0.91,14.3,94,31.4,16.3,DERIVED_INCOIS_IMD_CLIMATOLOGY
Palk_Strait,2015,2,Winter,1.35,17.7,220,29.5,15.1,DERIVED_INCOIS_IMD_CLIMATOLOGY
Palk_Strait,2016,2,Winter,0.98,13.7,67,27.6,17.2,DERIVED_INCOIS_IMD_CLIMATOLOGY
Palk_Strait,2017,2,Winter,1.39,8.6,195,30.8,10.2,DERIVED_INCOIS_IMD_CLIMATOLOGY
Palk_Strait,2018,2,Winter,1.6,10.7,57,31.5,11.9,DERIVED_INCOIS_IMD_CLIMATOLOGY
Palk_Strait,2019,2,Winter,0.3,9.0,113,30.5,18.6,DERIVED_INCOIS_IMD_CLIMATOLOGY
Palk_Strait,2020,2,Winter,0.67,11.9,105,27.3,9.5,DERIVED_INCOIS_IMD_CLIMATOLOGY
Palk_Strait,2021,2,Winter,1.12,10.4,229,26.4,5.7,DERIVED_INCOIS_IMD_CLIMATOLOGY
Palk_Strait,2022,2,Winter,0.69,6.7,142,26.7,8.9,DERIVED_INCOIS_IMD_CLIMATOLOGY
Palk_Strait,2023,2,Winter,1.09,8.4,312,28.9,23.5,DERIVED_INCOIS_IMD_CLIMATOLOGY
Palk_Strait,2015,3,PreMonsoon,1.31,12.6,227,26.4,23.6,DERIVED_INCOIS_IMD_CLIMATOLOGY
Palk_Strait,2016,3,PreMonsoon,1.49,14.8,356,31.5,15.1,DERIVED_INCOIS_IMD_CLIMATOLOGY
Palk_Strait,2017,3,PreMonsoon,1.19,15.7,193,29.4,9.3,DERIVED_INCOIS_IMD_CLIMATOLOGY
Palk_Strait,2018,3,PreMonsoon,1.67,13.2,237,28.4,5.1,DERIVED_INCOIS_IMD_CLIMATOLOGY
Palk_Strait,2019,3,PreMonsoon,1.15,15.3,283,28.6,6.6,DERIVED_INCOIS_IMD_CLIMATOLOGY
Palk_Strait,2020,3,PreMonsoon,1.36,17.3,26,27.9,25.0,DERIVED_INCOIS_IMD_CLIMATOLOGY
Palk_Strait,2021,3,PreMonsoon,1.85,20.2,143,31.2,11.4,DERIVED_INCOIS_IMD_CLIMATOLOGY
Palk_Strait,2022,3,PreMonsoon,0.48,13.2,348,28.9,5.3,DERIVED_INCOIS_IMD_CLIMATOLOGY
Palk_Strait,2023,3,PreMonsoon,1.61,20.3,180,27.1,8.8,DERIVED_INCOIS_IMD_CLIMATOLOGY
Palk_Strait,2015,4,PreMonsoon,1.06,21.5,113,30.5,13.7,DERIVED_INCOIS_IMD_CLIMATOLOGY
Palk_Strait,2016,4,PreMonsoon,1.25,12.4,113,30.9,19.6,DERIVED_INCOIS_IMD_CLIMATOLOGY
Palk_Strait,2017,4,PreMonsoon,1.42,12.6,166,28.6,16.6,DERIVED_INCOIS_IMD_CLIMATOLOGY
Palk_Strait,2018,4,PreMonsoon,1.61,12.0,311,31.6,13.6,DERIVED_INCOIS_IMD_CLIMATOLOGY
Palk_Strait,2019,4,PreMonsoon,1.46,19.3,182,29.0,15.8,DERIVED_INCOIS_IMD_CLIMATOLOGY
Palk_Strait,2020,4,PreMonsoon,1.3,7.7,161,30.0,19.1,DERIVED_INCOIS_IMD_CLIMATOLOGY
Palk_Strait,2021,4,PreMonsoon,1.67,13.6,98,27.1,13.3,DERIVED_INCOIS_IMD_CLIMATOLOGY
Palk_Strait,2022,4,PreMonsoon,1.67,12.8,66,27.8,18.6,DERIVED_INCOIS_IMD_CLIMATOLOGY
Palk_Strait,2023,4,PreMonsoon,2.15,18.5,213,31.0,6.5,DERIVED_INCOIS_IMD_CLIMATOLOGY
Palk_Strait,2015,5,PreMonsoon,1.56,4.0,295,31.3,13.5,DERIVED_INCOIS_IMD_CLIMATOLOGY
Palk_Strait,2016,5,PreMonsoon,1.6,19.5,56,28.4,11.0,DERIVED_INCOIS_IMD_CLIMATOLOGY
Palk_Strait,2017,5,PreMonsoon,1.63,13.7,154,30.7,9.0,DERIVED_INCOIS_IMD_CLIMATOLOGY
Palk_Strait,2018,5,PreMonsoon,0.6,13.4,49,26.8,6.7,DERIVED_INCOIS_IMD_CLIMATOLOGY
Palk_Strait,2019,5,PreMonsoon,1.86,18.3,247,26.1,10.6,DERIVED_INCOIS_IMD_CLIMATOLOGY
Palk_Strait,2020,5,PreMonsoon,1.46,14.7,226,27.6,20.5,DERIVED_INCOIS_IMD_CLIMATOLOGY
Palk_Strait,2021,5,PreMonsoon,1.8,10.1,215,27.4,13.9,DERIVED_INCOIS_IMD_CLIMATOLOGY
Palk_Strait,2022,5,PreMonsoon,1.6,17.0,105,27.5,18.9,DERIVED_INCOIS_IMD_CLIMATOLOGY
Palk_Strait,2023,5,PreMonsoon,1.26,15.7,105,27.3,18.6,DERIVED_INCOIS_IMD_CLIMATOLOGY
Palk_Strait,2015,6,Monsoon,3.34,41.1,199,26.9,16.9,DERIVED_INCOIS_IMD_CLIMATOLOGY
Palk_Strait,2016,6,Monsoon,4.16,26.2,252,31.1,7.2,DERIVED_INCOIS_IMD_CLIMATOLOGY
Palk_Strait,2017,6,Monsoon,4.48,25.2,309,32.0,9.5,DERIVED_INCOIS_IMD_CLIMATOLOGY
Palk_Strait,2018,6,Monsoon,2.93,27.9,188,30.2,14.6,DERIVED_INCOIS_IMD_CLIMATOLOGY
Palk_Strait,2019,6,Monsoon,2.16,23.6,96,31.3,20.8,DERIVED_INCOIS_IMD_CLIMATOLOGY
Palk_Strait,2020,6,Monsoon,4.18,18.9,320,31.3,19.2,DERIVED_INCOIS_IMD_CLIMATOLOGY
Palk_Strait,2021,6,Monsoon,2.14,24.1,64,26.7,18.6,DERIVED_INCOIS_IMD_CLIMATOLOGY
Palk_Strait,2022,6,Monsoon,1.82,5.3,78,28.3,23.8,DERIVED_INCOIS_IMD_CLIMATOLOGY
Palk_Strait,2023,6,Monsoon,2.5,26.1,167,30.5,18.4,DERIVED_INCOIS_IMD_CLIMATOLOGY
Palk_Strait,2015,7,Monsoon,2.84,21.4,356,27.0,10.5,DERIVED_INCOIS_IMD_CLIMATOLOGY
Palk_Strait,2016,7,Monsoon,3.19,29.8,140,28.0,9.3,DERIVED_INCOIS_IMD_CLIMATOLOGY
Palk_Strait,2017,7,Monsoon,4.78,20.4,130,30.5,17.6,DERIVED_INCOIS_IMD_CLIMATOLOGY
Palk_Strait,2018,7,Monsoon,2.89,23.9,103,29.8,8.1,DERIVED_INCOIS_IMD_CLIMATOLOGY
Palk_Strait,2019,7,Monsoon,1.31,35.3,353,27.1,22.2,DERIVED_INCOIS_IMD_CLIMATOLOGY
Palk_Strait,2020,7,Monsoon,2.82,20.0,227,31.9,15.6,DERIVED_INCOIS_IMD_CLIMATOLOGY
Palk_Strait,2021,7,Monsoon,3.81,20.1,170,29.9,18.8,DERIVED_INCOIS_IMD_CLIMATOLOGY
Palk_Strait,2022,7,Monsoon,1.69,16.1,281,27.4,24.6,DERIVED_INCOIS_IMD_CLIMATOLOGY
Palk_Strait,2023,7,Monsoon,2.55,14.3,155,27.5,12.2,DERIVED_INCOIS_IMD_CLIMATOLOGY
Palk_Strait,2015,8,Monsoon,4.16,26.4,309,27.0,14.7,DERIVED_INCOIS_IMD_CLIMATOLOGY
Palk_Strait,2016,8,Monsoon,1.97,17.2,123,28.2,11.4,DERIVED_INCOIS_IMD_CLIMATOLOGY
Palk_Strait,2017,8,Monsoon,3.7,19.6,3,29.8,6.4,DERIVED_INCOIS_IMD_CLIMATOLOGY
Palk_Strait,2018,8,Monsoon,3.04,36.2,330,28.5,14.3,DERIVED_INCOIS_IMD_CLIMATOLOGY
Palk_Strait,2019,8,Monsoon,2.03,20.1,209,31.5,23.2,DERIVED_INCOIS_IMD_CLIMATOLOGY
Palk_Strait,2020,8,Monsoon,1.92,27.6,287,27.8,11.7,DERIVED_INCOIS_IMD_CLIMATOLOGY
Palk_Strait,2021,8,Monsoon,3.27,18.6,57,31.5,7.1,DERIVED_INCOIS_IMD_CLIMATOLOGY
Palk_Strait,2022,8,Monsoon,3.28,16.9,96,28.1,16.9,DERIVED_INCOIS_IMD_CLIMATOLOGY
Palk_Strait,2023,8,Monsoon,2.37,21.3,253,28.8,12.1,DERIVED_INCOIS_IMD_CLIMATOLOGY
Palk_Strait,2015,9,Monsoon,3.62,17.4,187,30.6,8.3,DERIVED_INCOIS_IMD_CLIMATOLOGY
Palk_Strait,2016,9,Monsoon,2.98,26.6,238,30.6,18.0,DERIVED_INCOIS_IMD_CLIMATOLOGY
Palk_Strait,2017,9,Monsoon,4.47,23.0,73,29.2,9.1,DERIVED_INCOIS_IMD_CLIMATOLOGY
Palk_Strait,2018,9,Monsoon,2.32,19.0,84,27.7,15.1,DERIVED_INCOIS_IMD_CLIMATOLOGY
Palk_Strait,2019,9,Monsoon,3.69,31.5,345,31.5,21.8,DERIVED_INCOIS_IMD_CLIMATOLOGY
Palk_Strait,2020,9,Monsoon,3.26,24.2,157,29.8,17.2,DERIVED_INCOIS_IMD_CLIMATOLOGY
Palk_Strait,2021,9,Monsoon,4.19,28.7,262,26.2,5.1,DERIVED_INCOIS_IMD_CLIMATOLOGY
Palk_Strait,2022,9,Monsoon,2.58,27.0,213,29.1,17.3,DERIVED_INCOIS_IMD_CLIMATOLOGY
Palk_Strait,2023,9,Monsoon,4.16,24.6,276,31.3,20.3,DERIVED_INCOIS_IMD_CLIMATOLOGY
Palk_Strait,2015,10,PostMonsoon,2.29,14.7,68,27.9,13.0,DERIVED_INCOIS_IMD_CLIMATOLOGY
Palk_Strait,2016,10,PostMonsoon,1.14,10.3,215,31.0,8.2,DERIVED_INCOIS_IMD_CLIMATOLOGY
Palk_Strait,2017,10,PostMonsoon,2.55,20.2,82,28.5,16.2,DERIVED_INCOIS_IMD_CLIMATOLOGY
Palk_Strait,2018,10,PostMonsoon,2.67,18.1,197,29.3,16.0,DERIVED_INCOIS_IMD_CLIMATOLOGY
Palk_Strait,2019,10,PostMonsoon,0.96,18.8,98,27.0,8.2,DERIVED_INCOIS_IMD_CLIMATOLOGY
Palk_Strait,2020,10,PostMonsoon,1.54,14.9,75,29.1,17.5,DERIVED_INCOIS_IMD_CLIMATOLOGY
Palk_Strait,2021,10,PostMonsoon,2.49,17.4,331,29.0,10.9,DERIVED_INCOIS_IMD_CLIMATOLOGY
Palk_Strait,2022,10,PostMonsoon,2.36,12.7,339,31.9,9.5,DERIVED_INCOIS_IMD_CLIMATOLOGY
Palk_Strait,2023,10,PostMonsoon,2.83,16.3,182,28.1,19.3,DERIVED_INCOIS_IMD_CLIMATOLOGY
Palk_Strait,2015,11,PostMonsoon,1.35,13.3,156,26.3,23.7,DERIVED_INCOIS_IMD_CLIMATOLOGY
Palk_Strait,2016,11,PostMonsoon,1.48,16.5,150,28.5,23.7,DERIVED_INCOIS_IMD_CLIMATOLOGY
Palk_Strait,2017,11,PostMonsoon,1.63,17.4,6,28.1,12.3,DERIVED_INCOIS_IMD_CLIMATOLOGY
Palk_Strait,2018,11,PostMonsoon,0.43,14.2,273,30.1,17.9,DERIVED_INCOIS_IMD_CLIMATOLOGY
Palk_Strait,2019,11,PostMonsoon,2.08,20.5,83,27.8,5.5,DERIVED_INCOIS_IMD_CLIMATOLOGY
Palk_Strait,2020,11,PostMonsoon,0.94,23.6,202,28.7,8.3,DERIVED_INCOIS_IMD_CLIMATOLOGY
Palk_Strait,2021,11,PostMonsoon,1.99,17.1,247,27.0,17.2,DERIVED_INCOIS_IMD_CLIMATOLOGY
Palk_Strait,2022,11,PostMonsoon,1.77,13.7,301,26.7,23.5,DERIVED_INCOIS_IMD_CLIMATOLOGY
Palk_Strait,2023,11,PostMonsoon,2.34,14.6,341,29.0,17.5,DERIVED_INCOIS_IMD_CLIMATOLOGY
Palk_Strait,2015,12,Winter,0.92,11.1,19,29.3,16.1,DERIVED_INCOIS_IMD_CLIMATOLOGY
Palk_Strait,2016,12,Winter,1.07,7.2,44,31.5,24.5,DERIVED_INCOIS_IMD_CLIMATOLOGY
Palk_Strait,2017,12,Winter,1.09,14.3,76,27.3,14.6,DERIVED_INCOIS_IMD_CLIMATOLOGY
Palk_Strait,2018,12,Winter,1.5,13.1,84,27.4,21.9,DERIVED_INCOIS_IMD_CLIMATOLOGY
Palk_Strait,2019,12,Winter,0.64,14.7,14,27.9,23.6,DERIVED_INCOIS_IMD_CLIMATOLOGY
Palk_Strait,2020,12,Winter,0.88,8.9,27,28.9,22.9,DERIVED_INCOIS_IMD_CLIMATOLOGY
Palk_Strait,2021,12,Winter,0.95,14.5,322,26.5,14.5,DERIVED_INCOIS_IMD_CLIMATOLOGY
Palk_Strait,2022,12,Winter,1.25,15.8,127,27.9,16.8,DERIVED_INCOIS_IMD_CLIMATOLOGY
Palk_Strait,2023,12,Winter,1.21,9.7,1,31.9,23.8,DERIVED_INCOIS_IMD_CLIMATOLOGY
Southern_TN_Coast,2015,1,Winter,1.0,9.5,220,30.4,12.3,DERIVED_INCOIS_IMD_CLIMATOLOGY
Southern_TN_Coast,2016,1,Winter,1.41,14.7,233,30.3,17.5,DERIVED_INCOIS_IMD_CLIMATOLOGY
Southern_TN_Coast,2017,1,Winter,1.31,13.3,267,26.3,8.8,DERIVED_INCOIS_IMD_CLIMATOLOGY
Southern_TN_Coast,2018,1,Winter,1.01,11.9,62,29.2,18.2,DERIVED_INCOIS_IMD_CLIMATOLOGY
Southern_TN_Coast,2019,1,Winter,1.02,12.1,88,26.3,22.3,DERIVED_INCOIS_IMD_CLIMATOLOGY
Southern_TN_Coast,2020,1,Winter,0.93,11.1,242,31.4,16.4,DERIVED_INCOIS_IMD_CLIMATOLOGY
Southern_TN_Coast,2021,1,Winter,1.27,10.0,267,30.0,22.6,DERIVED_INCOIS_IMD_CLIMATOLOGY
Southern_TN_Coast,2022,1,Winter,1.57,11.2,44,28.1,20.1,DERIVED_INCOIS_IMD_CLIMATOLOGY
Southern_TN_Coast,2023,1,Winter,1.12,12.2,249,27.0,14.2,DERIVED_INCOIS_IMD_CLIMATOLOGY
Southern_TN_Coast,2015,2,Winter,0.81,12.3,61,26.3,23.6,DERIVED_INCOIS_IMD_CLIMATOLOGY
Southern_TN_Coast,2016,2,Winter,1.39,9.1,323,27.5,24.3,DERIVED_INCOIS_IMD_CLIMATOLOGY
Southern_TN_Coast,2017,2,Winter,1.09,13.4,162,28.7,12.5,DERIVED_INCOIS_IMD_CLIMATOLOGY
Southern_TN_Coast,2018,2,Winter,1.15,11.2,25,26.6,16.2,DERIVED_INCOIS_IMD_CLIMATOLOGY
Southern_TN_Coast,2019,2,Winter,0.69,9.4,44,28.9,13.8,DERIVED_INCOIS_IMD_CLIMATOLOGY
Southern_TN_Coast,2020,2,Winter,0.96,12.1,128,27.4,21.0,DERIVED_INCOIS_IMD_CLIMATOLOGY
Southern_TN_Coast,2021,2,Winter,0.92,13.8,69,28.4,19.2,DERIVED_INCOIS_IMD_CLIMATOLOGY
Southern_TN_Coast,2022,2,Winter,1.0,14.4,142,28.6,16.3,DERIVED_INCOIS_IMD_CLIMATOLOGY
Southern_TN_Coast,2023,2,Winter,0.94,9.9,38,27.8,10.2,DERIVED_INCOIS_IMD_CLIMATOLOGY
Southern_TN_Coast,2015,3,PreMonsoon,0.93,13.7,15,27.2,7.1,DERIVED_INCOIS_IMD_CLIMATOLOGY
Southern_TN_Coast,2016,3,PreMonsoon,1.69,20.5,183,26.4,10.2,DERIVED_INCOIS_IMD_CLIMATOLOGY
Southern_TN_Coast,2017,3,PreMonsoon,1.13,15.0,211,29.6,13.5,DERIVED_INCOIS_IMD_CLIMATOLOGY
Southern_TN_Coast,2018,3,PreMonsoon,1.37,16.7,315,29.9,16.7,DERIVED_INCOIS_IMD_CLIMATOLOGY
Southern_TN_Coast,2019,3,PreMonsoon,1.69,14.3,300,26.3,11.6,DERIVED_INCOIS_IMD_CLIMATOLOGY
Southern_TN_Coast,2020,3,PreMonsoon,0.83,15.5,132,28.9,24.1,DERIVED_INCOIS_IMD_CLIMATOLOGY
Southern_TN_Coast,2021,3,PreMonsoon,1.5,9.8,306,28.3,20.1,DERIVED_INCOIS_IMD_CLIMATOLOGY
Southern_TN_Coast,2022,3,PreMonsoon,2.04,17.6,309,27.1,19.6,DERIVED_INCOIS_IMD_CLIMATOLOGY
Southern_TN_Coast,2023,3,PreMonsoon,1.7,12.5,349,28.3,9.0,DERIVED_INCOIS_IMD_CLIMATOLOGY
Southern_TN_Coast,2015,4,PreMonsoon,2.15,15.7,355,29.3,11.1,DERIVED_INCOIS_IMD_CLIMATOLOGY
Southern_TN_Coast,2016,4,PreMonsoon,0.74,10.6,228,31.2,18.4,DERIVED_INCOIS_IMD_CLIMATOLOGY
Southern_TN_Coast,2017,4,PreMonsoon,1.46,13.3,161,31.9,9.8,DERIVED_INCOIS_IMD_CLIMATOLOGY
Southern_TN_Coast,2018,4,PreMonsoon,1.42,23.5,266,29.7,19.5,DERIVED_INCOIS_IMD_CLIMATOLOGY
Southern_TN_Coast,2019,4,PreMonsoon,1.23,14.7,199,29.8,25.0,DERIVED_INCOIS_IMD_CLIMATOLOGY
Southern_TN_Coast,2020,4,PreMonsoon,1.65,10.7,344,28.6,10.0,DERIVED_INCOIS_IMD_CLIMATOLOGY
Southern_TN_Coast,2021,4,PreMonsoon,1.8,15.4,101,28.1,12.9,DERIVED_INCOIS_IMD_CLIMATOLOGY
Southern_TN_Coast,2022,4,PreMonsoon,1.7,16.3,12,28.0,6.7,DERIVED_INCOIS_IMD_CLIMATOLOGY
Southern_TN_Coast,2023,4,PreMonsoon,1.53,10.3,146,26.2,7.9,DERIVED_INCOIS_IMD_CLIMATOLOGY
Southern_TN_Coast,2015,5,PreMonsoon,1.6,13.1,91,28.6,11.9,DERIVED_INCOIS_IMD_CLIMATOLOGY
Southern_TN_Coast,2016,5,PreMonsoon,1.41,9.1,331,27.5,8.2,DERIVED_INCOIS_IMD_CLIMATOLOGY
Southern_TN_Coast,2017,5,PreMonsoon,0.97,16.5,119,30.0,21.6,DERIVED_INCOIS_IMD_CLIMATOLOGY
Southern_TN_Coast,2018,5,PreMonsoon,1.71,12.1,250,26.3,22.4,DERIVED_INCOIS_IMD_CLIMATOLOGY
Southern_TN_Coast,2019,5,PreMonsoon,1.85,17.4,135,30.3,20.0,DERIVED_INCOIS_IMD_CLIMATOLOGY
Southern_TN_Coast,2020,5,PreMonsoon,1.66,19.0,24,31.5,20.1,DERIVED_INCOIS_IMD_CLIMATOLOGY
Southern_TN_Coast,2021,5,PreMonsoon,1.39,16.5,280,31.6,16.9,DERIVED_INCOIS_IMD_CLIMATOLOGY
Southern_TN_Coast,2022,5,PreMonsoon,1.28,23.2,325,30.9,17.9,DERIVED_INCOIS_IMD_CLIMATOLOGY
Southern_TN_Coast,2023,5,PreMonsoon,1.15,16.3,286,31.3,24.0,DERIVED_INCOIS_IMD_CLIMATOLOGY
Southern_TN_Coast,2015,6,Monsoon,2.64,28.7,324,31.0,11.3,DERIVED_INCOIS_IMD_CLIMATOLOGY
Southern_TN_Coast,2016,6,Monsoon,3.31,43.4,213,29.9,18.6,DERIVED_INCOIS_IMD_CLIMATOLOGY
Southern_TN_Coast,2017,6,Monsoon,3.12,32.6,215,27.3,21.6,DERIVED_INCOIS_IMD_CLIMATOLOGY
Southern_TN_Coast,2018,6,Monsoon,3.83,16.5,324,27.1,9.8,DERIVED_INCOIS_IMD_CLIMATOLOGY
Southern_TN_Coast,2019,6,Monsoon,3.39,27.1,282,27.1,14.1,DERIVED_INCOIS_IMD_CLIMATOLOGY
Southern_TN_Coast,2020,6,Monsoon,3.63,18.1,157,31.9,14.3,DERIVED_INCOIS_IMD_CLIMATOLOGY
Southern_TN_Coast,2021,6,Monsoon,3.79,19.5,139,27.9,11.5,DERIVED_INCOIS_IMD_CLIMATOLOGY
Southern_TN_Coast,2022,6,Monsoon,2.7,27.5,186,27.2,12.7,DERIVED_INCOIS_IMD_CLIMATOLOGY
Southern_TN_Coast,2023,6,Monsoon,2.82,21.4,245,30.4,12.1,DERIVED_INCOIS_IMD_CLIMATOLOGY
Southern_TN_Coast,2015,7,Monsoon,3.51,18.0,180,27.6,20.5,DERIVED_INCOIS_IMD_CLIMATOLOGY
Southern_TN_Coast,2016,7,Monsoon,2.44,19.4,294,30.4,14.4,DERIVED_INCOIS_IMD_CLIMATOLOGY
Southern_TN_Coast,2017,7,Monsoon,3.58,18.6,164,28.1,12.7,DERIVED_INCOIS_IMD_CLIMATOLOGY
Southern_TN_Coast,2018,7,Monsoon,4.37,19.6,53,26.0,23.6,DERIVED_INCOIS_IMD_CLIMATOLOGY
Southern_TN_Coast,2019,7,Monsoon,3.52,19.4,106,31.6,17.0,DERIVED_INCOIS_IMD_CLIMATOLOGY
Southern_TN_Coast,2020,7,Monsoon,4.41,34.8,294,29.9,13.5,DERIVED_INCOIS_IMD_CLIMATOLOGY
Southern_TN_Coast,2021,7,Monsoon,4.28,28.3,182,27.2,23.9,DERIVED_INCOIS_IMD_CLIMATOLOGY
Southern_TN_Coast,2022,7,Monsoon,3.06,23.8,298,30.9,21.4,DERIVED_INCOIS_IMD_CLIMATOLOGY
Southern_TN_Coast,2023,7,Monsoon,4.26,12.4,171,31.0,12.0,DERIVED_INCOIS_IMD_CLIMATOLOGY
Southern_TN_Coast,2015,8,Monsoon,2.68,19.0,97,26.0,16.5,DERIVED_INCOIS_IMD_CLIMATOLOGY
Southern_TN_Coast,2016,8,Monsoon,4.82,19.1,344,29.2,8.6,DERIVED_INCOIS_IMD_CLIMATOLOGY
Southern_TN_Coast,2017,8,Monsoon,3.52,25.8,335,26.4,18.7,DERIVED_INCOIS_IMD_CLIMATOLOGY
Southern_TN_Coast,2018,8,Monsoon,2.35,28.8,270,26.3,21.2,DERIVED_INCOIS_IMD_CLIMATOLOGY
Southern_TN_Coast,2019,8,Monsoon,3.35,25.2,266,29.1,6.9,DERIVED_INCOIS_IMD_CLIMATOLOGY
Southern_TN_Coast,2020,8,Monsoon,3.14,20.0,217,27.2,18.7,DERIVED_INCOIS_IMD_CLIMATOLOGY
Southern_TN_Coast,2021,8,Monsoon,3.18,20.6,340,28.7,16.5,DERIVED_INCOIS_IMD_CLIMATOLOGY
Southern_TN_Coast,2022,8,Monsoon,2.54,24.0,142,28.2,22.7,DERIVED_INCOIS_IMD_CLIMATOLOGY
Southern_TN_Coast,2023,8,Monsoon,2.86,23.2,126,26.9,13.2,DERIVED_INCOIS_IMD_CLIMATOLOGY
Southern_TN_Coast,2015,9,Monsoon,4.74,22.1,329,27.4,11.5,DERIVED_INCOIS_IMD_CLIMATOLOGY
Southern_TN_Coast,2016,9,Monsoon,4.65,24.0,238,31.8,11.1,DERIVED_INCOIS_IMD_CLIMATOLOGY
Southern_TN_Coast,2017,9,Monsoon,3.45,23.6,305,29.0,7.3,DERIVED_INCOIS_IMD_CLIMATOLOGY
Southern_TN_Coast,2018,9,Monsoon,3.19,22.1,61,28.4,20.7,DERIVED_INCOIS_IMD_CLIMATOLOGY
Southern_TN_Coast,2019,9,Monsoon,4.18,20.0,239,28.8,11.5,DERIVED_INCOIS_IMD_CLIMATOLOGY
Southern_TN_Coast,2020,9,Monsoon,4.12,16.5,193,27.1,8.9,DERIVED_INCOIS_IMD_CLIMATOLOGY
Southern_TN_Coast,2021,9,Monsoon,2.99,33.6,228,27.5,13.6,DERIVED_INCOIS_IMD_CLIMATOLOGY
Southern_TN_Coast,2022,9,Monsoon,2.54,25.7,159,31.5,11.1,DERIVED_INCOIS_IMD_CLIMATOLOGY
Southern_TN_Coast,2023,9,Monsoon,4.14,13.4,171,29.1,11.9,DERIVED_INCOIS_IMD_CLIMATOLOGY
Southern_TN_Coast,2015,10,PostMonsoon,1.14,16.0,302,27.8,17.1,DERIVED_INCOIS_IMD_CLIMATOLOGY
Southern_TN_Coast,2016,10,PostMonsoon,1.01,16.1,33,29.3,17.0,DERIVED_INCOIS_IMD_CLIMATOLOGY
Southern_TN_Coast,2017,10,PostMonsoon,2.44,13.9,346,27.7,24.4,DERIVED_INCOIS_IMD_CLIMATOLOGY
Southern_TN_Coast,2018,10,PostMonsoon,0.98,18.4,48,27.7,6.3,DERIVED_INCOIS_IMD_CLIMATOLOGY
Southern_TN_Coast,2019,10,PostMonsoon,2.27,11.2,163,30.0,22.6,DERIVED_INCOIS_IMD_CLIMATOLOGY
Southern_TN_Coast,2020,10,PostMonsoon,2.16,13.5,124,26.9,23.6,DERIVED_INCOIS_IMD_CLIMATOLOGY
Southern_TN_Coast,2021,10,PostMonsoon,2.94,10.0,241,27.0,23.7,DERIVED_INCOIS_IMD_CLIMATOLOGY
Southern_TN_Coast,2022,10,PostMonsoon,2.31,12.2,312,27.2,22.6,DERIVED_INCOIS_IMD_CLIMATOLOGY
Southern_TN_Coast,2023,10,PostMonsoon,1.96,17.9,56,29.0,22.3,DERIVED_INCOIS_IMD_CLIMATOLOGY
Southern_TN_Coast,2015,11,PostMonsoon,2.16,15.8,38,30.1,22.0,DERIVED_INCOIS_IMD_CLIMATOLOGY
Southern_TN_Coast,2016,11,PostMonsoon,1.78,21.2,353,28.3,11.5,DERIVED_INCOIS_IMD_CLIMATOLOGY
Southern_TN_Coast,2017,11,PostMonsoon,1.36,23.0,161,29.4,10.9,DERIVED_INCOIS_IMD_CLIMATOLOGY
Southern_TN_Coast,2018,11,PostMonsoon,0.87,21.1,342,28.6,20.8,DERIVED_INCOIS_IMD_CLIMATOLOGY
Southern_TN_Coast,2019,11,PostMonsoon,2.08,15.4,328,29.8,23.3,DERIVED_INCOIS_IMD_CLIMATOLOGY
Southern_TN_Coast,2020,11,PostMonsoon,2.04,19.2,205,28.8,15.6,DERIVED_INCOIS_IMD_CLIMATOLOGY
Southern_TN_Coast,2021,11,PostMonsoon,2.26,14.8,162,29.3,16.1,DERIVED_INCOIS_IMD_CLIMATOLOGY
Southern_TN_Coast,2022,11,PostMonsoon,1.93,11.8,327,28.6,19.2,DERIVED_INCOIS_IMD_CLIMATOLOGY
Southern_TN_Coast,2023,11,PostMonsoon,2.24,12.1,282,29.9,17.5,DERIVED_INCOIS_IMD_CLIMATOLOGY
Southern_TN_Coast,2015,12,Winter,1.43,14.4,103,31.0,17.1,DERIVED_INCOIS_IMD_CLIMATOLOGY
Southern_TN_Coast,2016,12,Winter,0.79,9.0,99,29.8,17.3,DERIVED_INCOIS_IMD_CLIMATOLOGY
Southern_TN_Coast,2017,12,Winter,0.94,10.4,112,30.4,20.4,DERIVED_INCOIS_IMD_CLIMATOLOGY
Southern_TN_Coast,2018,12,Winter,0.82,13.8,85,27.1,13.4,DERIVED_INCOIS_IMD_CLIMATOLOGY
Southern_TN_Coast,2019,12,Winter,0.33,8.7,151,30.0,10.3,DERIVED_INCOIS_IMD_CLIMATOLOGY
Southern_TN_Coast,2020,12,Winter,0.72,10.5,65,28.3,20.9,DERIVED_INCOIS_IMD_CLIMATOLOGY
Southern_TN_Coast,2021,12,Winter,1.12,12.0,202,29.7,9.6,DERIVED_INCOIS_IMD_CLIMATOLOGY
Southern_TN_Coast,2022,12,Winter,0.54,10.1,356,27.1,22.7,DERIVED_INCOIS_IMD_CLIMATOLOGY
Southern_TN_Coast,2023,12,Winter,1.43,14.4,156,28.2,10.8,DERIVED_INCOIS_IMD_CLIMATOLOGY
